,0,1,2,3
"[['14' '20' '1896' '1027']
 ['47' '635' '547' '384']
 ['993' '572' '326' '134']
 ['1363' '539' '326' '115']
 ['1732' '534' '110' '230']
 ['705' '529' '110' '144']
 ['0' '0' '0' '0']
 ['0' '0' '0' '0']]",0,1,0,0
"[['14' '20' '1896' '1027']
 ['1003' '572' '307' '154']
 ['1281' '553' '312' '115']
 ['1727' '543' '120' '240']
 ['0' '0' '0' '0']
 ['0' '0' '0' '0']
 ['0' '0' '0' '0']
 ['0' '0' '0' '0']]",0,1,0,0
"[['14' '20' '1896' '1027']
 ['1761' '596' '72' '91']
 ['1823' '596' '48' '82']
 ['1151' '630' '283' '106']
 ['1228' '668' '72' '221']
 ['0' '0' '0' '0']
 ['0' '0' '0' '0']
 ['0' '0' '0' '0']]",0,1,0,0
"[['14' '20' '1896' '1027']
 ['460' '555' '710' '403']
 ['1627' '670' '115' '182']
 ['1243' '704' '115' '312']
 ['0' '0' '0' '0']
 ['0' '0' '0' '0']
 ['0' '0' '0' '0']
 ['0' '0' '0' '0']]",0,1,0,0
"[['14' '20' '1896' '1027']
 ['998' '593' '379' '187']
 ['1651' '665' '82' '163']
 ['1262' '718' '86' '283']
 ['0' '0' '0' '0']
 ['0' '0' '0' '0']
 ['0' '0' '0' '0']
 ['0' '0' '0' '0']]",0,1,0,0
"[['14' '20' '1896' '1027']
 ['1262' '603' '230' '163']
 ['1238' '699' '115' '288']
 ['1665' '670' '77' '125']
 ['0' '0' '0' '0']
 ['0' '0' '0' '0']
 ['0' '0' '0' '0']
 ['0' '0' '0' '0']]",0,1,0,0
"[['14' '20' '1896' '1027']
 ['1699' '660' '43' '120']
 ['1646' '665' '48' '91']
 ['1243' '689' '96' '302']
 ['0' '0' '0' '0']
 ['0' '0' '0' '0']
 ['0' '0' '0' '0']
 ['0' '0' '0' '0']]",0,1,0,0
"[['14' '20' '1896' '1027']
 ['1243' '689' '101' '317']
 ['1636' '660' '62' '91']
 ['1703' '670' '72' '106']
 ['182' '507' '715' '542']
 ['0' '0' '0' '0']
 ['0' '0' '0' '0']
 ['0' '0' '0' '0']]",0,0,1,0
"[['14' '20' '1896' '1027']
 ['1243' '689' '96' '317']
 ['1627' '680' '58' '96']
 ['1708' '660' '53' '115']
 ['446' '372' '778' '595']
 ['0' '0' '0' '0']
 ['0' '0' '0' '0']
 ['0' '0' '0' '0']]",0,0,1,0
"[['14' '20' '1896' '1027']
 ['1238' '699' '91' '293']
 ['1627' '675' '38' '96']
 ['1723' '651' '38' '86']
 ['1094' '497' '302' '360']
 ['0' '0' '0' '0']
 ['0' '0' '0' '0']
 ['0' '0' '0' '0']]",0,0,1,0
"[['14' '20' '1896' '1027']
 ['1617' '684' '62' '115']
 ['1742' '665' '38' '101']
 ['1223' '689' '110' '322']
 ['0' '0' '0' '0']
 ['0' '0' '0' '0']
 ['0' '0' '0' '0']
 ['0' '0' '0' '0']]",0,1,0,0
"[['14' '20' '1896' '1027']
 ['1243' '699' '77' '283']
 ['1617' '689' '58' '115']
 ['0' '0' '0' '0']
 ['0' '0' '0' '0']
 ['0' '0' '0' '0']
 ['0' '0' '0' '0']
 ['0' '0' '0' '0']]",0,1,0,0
"[['14' '20' '1896' '1027']
 ['230' '814' '725' '230']
 ['1579' '680' '86' '144']
 ['1228' '689' '101' '302']
 ['0' '0' '0' '0']
 ['0' '0' '0' '0']
 ['0' '0' '0' '0']
 ['0' '0' '0' '0']]",0,1,0,0
"[['14' '20' '1896' '1027']
 ['33' '771' '653' '254']
 ['1353' '608' '178' '91']
 ['1363' '680' '168' '370']
 ['1756' '593' '43' '82']
 ['1204' '646' '110' '245']
 ['0' '0' '0' '0']
 ['0' '0' '0' '0']]",0,1,0,0
"[['14' '20' '1896' '1027']
 ['1540' '689' '86' '168']
 ['1031' '718' '192' '125']
 ['1233' '670' '101' '326']
 ['0' '0' '0' '0']
 ['0' '0' '0' '0']
 ['0' '0' '0' '0']
 ['0' '0' '0' '0']]",0,1,0,0
"[['14' '20' '1896' '1027']
 ['1511' '689' '125' '182']
 ['1223' '699' '91' '293']
 ['0' '0' '0' '0']
 ['0' '0' '0' '0']
 ['0' '0' '0' '0']
 ['0' '0' '0' '0']
 ['0' '0' '0' '0']]",0,1,0,0
"[['14' '20' '1896' '1027']
 ['1223' '689' '96' '278']
 ['1507' '704' '101' '235']
 ['0' '0' '0' '0']
 ['0' '0' '0' '0']
 ['0' '0' '0' '0']
 ['0' '0' '0' '0']
 ['0' '0' '0' '0']]",0,1,0,0
"[['14' '20' '1896' '1027']
 ['1478' '723' '130' '307']
 ['1223' '689' '101' '288']
 ['0' '0' '0' '0']
 ['0' '0' '0' '0']
 ['0' '0' '0' '0']
 ['0' '0' '0' '0']
 ['0' '0' '0' '0']]",0,1,0,0
"[['14' '20' '1896' '1027']
 ['1507' '756' '178' '269']
 ['1238' '689' '101' '283']
 ['239' '814' '470' '120']
 ['268' '776' '653' '254']
 ['0' '0' '0' '0']
 ['0' '0' '0' '0']
 ['0' '0' '0' '0']]",0,0,1,0
"[['14' '20' '1896' '1027']
 ['974' '689' '259' '154']
 ['1219' '684' '120' '283']
 ['33' '862' '326' '168']
 ['0' '0' '0' '0']
 ['0' '0' '0' '0']
 ['0' '0' '0' '0']
 ['0' '0' '0' '0']]",0,0,1,0
"[['14' '20' '1896' '1027']
 ['551' '723' '518' '202']
 ['1247' '704' '72' '283']
 ['1737' '651' '38' '115']
 ['0' '0' '0' '0']
 ['0' '0' '0' '0']
 ['0' '0' '0' '0']
 ['0' '0' '0' '0']]",0,1,0,0
"[['14' '20' '1896' '1027']
 ['1055' '675' '173' '134']
 ['1334' '660' '120' '101']
 ['1228' '694' '106' '293']
 ['0' '0' '0' '0']
 ['0' '0' '0' '0']
 ['0' '0' '0' '0']
 ['0' '0' '0' '0']]",0,0,1,0
"[['14' '20' '1896' '1027']
 ['1238' '694' '82' '293']
 ['1708' '665' '53' '110']
 ['0' '0' '0' '0']
 ['0' '0' '0' '0']
 ['0' '0' '0' '0']
 ['0' '0' '0' '0']
 ['0' '0' '0' '0']]",0,1,0,0
"[['14' '20' '1896' '1027']
 ['494' '737' '480' '211']
 ['1223' '684' '96' '298']
 ['1684' '675' '0' '0']
 ['1684' '670' '58' '77']
 ['0' '0' '0' '0']
 ['0' '0' '0' '0']
 ['0' '0' '0' '0']]",0,1,0,0
"[['14' '20' '1896' '1027']
 ['1334' '660' '106' '350']
 ['1204' '646' '77' '254']
 ['297' '752' '715' '269']
 ['0' '0' '0' '0']
 ['0' '0' '0' '0']
 ['0' '0' '0' '0']
 ['0' '0' '0' '0']]",0,1,0,0
"[['14' '20' '1896' '1027']
 ['1694' '670' '43' '106']
 ['1247' '689' '72' '235']
 ['1127' '718' '110' '331']
 ['0' '0' '0' '0']
 ['0' '0' '0' '0']
 ['0' '0' '0' '0']
 ['0' '0' '0' '0']]",0,1,0,0
"[['14' '20' '1896' '1027']
 ['1449' '737' '168' '312']
 ['1679' '675' '38' '91']
 ['1228' '699' '96' '278']
 ['1103' '699' '96' '346']
 ['0' '0' '0' '0']
 ['0' '0' '0' '0']
 ['0' '0' '0' '0']]",0,1,0,0
"[['14' '20' '1896' '1027']
 ['33' '699' '725' '302']
 ['1209' '699' '96' '269']
 ['1339' '723' '96' '307']
 ['1079' '684' '96' '322']
 ['0' '0' '0' '0']
 ['0' '0' '0' '0']
 ['0' '0' '0' '0']]",0,0,1,0
"[['14' '20' '1896' '1027']
 ['1108' '670' '38' '360']
 ['1281' '708' '77' '326']
 ['1228' '694' '34' '293']
 ['993' '656' '72' '173']
 ['0' '0' '0' '0']
 ['0' '0' '0' '0']
 ['0' '0' '0' '0']]",0,1,0,0
"[['14' '20' '1896' '1027']
 ['1070' '660' '77' '379']
 ['1262' '704' '77' '341']
 ['1223' '689' '19' '298']
 ['1531' '843' '192' '202']
 ['1675' '660' '48' '96']
 ['0' '0' '0' '0']
 ['0' '0' '0' '0']]",0,1,0,0
"[['14' '20' '1896' '1027']
 ['1089' '670' '58' '384']
 ['1214' '680' '139' '331']
 ['28' '756' '528' '269']
 ['1679' '646' '38' '91']
 ['0' '0' '0' '0']
 ['0' '0' '0' '0']
 ['0' '0' '0' '0']]",0,1,0,0
"[['14' '20' '1896' '1027']
 ['1267' '684' '86' '341']
 ['1190' '675' '72' '269']
 ['1665' '646' '58' '91']
 ['791' '699' '163' '154']
 ['0' '0' '0' '0']
 ['0' '0' '0' '0']
 ['0' '0' '0' '0']]",0,1,0,0
"[['14' '20' '1896' '1027']
 ['1223' '694' '134' '293']
 ['1084' '675' '86' '370']
 ['916' '699' '82' '331']
 ['1670' '641' '53' '110']
 ['0' '0' '0' '0']
 ['0' '0' '0' '0']
 ['0' '0' '0' '0']]",0,1,0,0
"[['14' '20' '1896' '1027']
 ['38' '699' '739' '278']
 ['1233' '689' '67' '355']
 ['1070' '660' '96' '346']
 ['859' '689' '96' '341']
 ['1699' '656' '24' '67']
 ['0' '0' '0' '0']
 ['0' '0' '0' '0']]",0,0,1,0
"[['14' '20' '1896' '1027']
 ['1243' '689' '77' '302']
 ['1075' '660' '82' '355']
 ['883' '689' '91' '350']
 ['724' '665' '134' '187']
 ['0' '0' '0' '0']
 ['0' '0' '0' '0']
 ['0' '0' '0' '0']]",0,1,0,0
"[['14' '20' '1896' '1027']
 ['1780' '593' '58' '115']
 ['1703' '608' '62' '101']
 ['1262' '651' '110' '394']
 ['753' '670' '298' '250']
 ['1185' '641' '72' '254']
 ['0' '0' '0' '0']
 ['0' '0' '0' '0']]",0,1,0,0
"[['14' '20' '1896' '1027']
 ['1209' '689' '91' '346']
 ['1075' '680' '48' '317']
 ['863' '680' '67' '336']
 ['0' '0' '0' '0']
 ['0' '0' '0' '0']
 ['0' '0' '0' '0']
 ['0' '0' '0' '0']]",0,0,0,0
"[['14' '20' '1896' '1027']
 ['1219' '680' '82' '350']
 ['1079' '680' '67' '350']
 ['839' '680' '96' '341']
 ['0' '0' '0' '0']
 ['0' '0' '0' '0']
 ['0' '0' '0' '0']
 ['0' '0' '0' '0']]",0,1,0,0
"[['14' '20' '1896' '1027']
 ['1204' '675' '106' '331']
 ['1046' '646' '115' '394']
 ['839' '704' '110' '346']
 ['403' '675' '408' '230']
 ['0' '0' '0' '0']
 ['0' '0' '0' '0']
 ['0' '0' '0' '0']]",0,0,1,0
"[['14' '20' '1896' '1027']
 ['1180' '675' '139' '341']
 ['1070' '675' '72' '350']
 ['839' '694' '106' '346']
 ['0' '0' '0' '0']
 ['0' '0' '0' '0']
 ['0' '0' '0' '0']
 ['0' '0' '0' '0']]",0,1,0,0
"[['14' '20' '1896' '1027']
 ['1199' '680' '120' '307']
 ['1065' '675' '91' '341']
 ['854' '680' '91' '350']
 ['1651' '670' '182' '67']
 ['0' '0' '0' '0']
 ['0' '0' '0' '0']
 ['0' '0' '0' '0']]",0,0,1,0
"[['14' '20' '1896' '1027']
 ['1199' '680' '106' '346']
 ['1051' '670' '91' '374']
 ['854' '680' '96' '326']
 ['1588' '656' '163' '91']
 ['0' '0' '0' '0']
 ['0' '0' '0' '0']
 ['0' '0' '0' '0']]",0,0,1,0
"[['14' '20' '1896' '1027']
 ['1502' '660' '173' '58']
 ['1195' '670' '106' '365']
 ['1051' '641' '91' '403']
 ['839' '680' '139' '355']
 ['0' '0' '0' '0']
 ['0' '0' '0' '0']
 ['0' '0' '0' '0']]",0,0,1,0
"[['14' '20' '1896' '1027']
 ['1185' '675' '96' '307']
 ['1055' '651' '77' '326']
 ['839' '660' '130' '346']
 ['1468' '632' '115' '82']
 ['0' '0' '0' '0']
 ['0' '0' '0' '0']
 ['0' '0' '0' '0']]",0,0,1,0
"[['14' '20' '1896' '1027']
 ['1199' '660' '101' '374']
 ['1070' '646' '82' '355']
 ['849' '670' '96' '341']
 ['0' '0' '0' '0']
 ['0' '0' '0' '0']
 ['0' '0' '0' '0']
 ['0' '0' '0' '0']]",0,0,0,0
"[['14' '20' '1896' '1027']
 ['1084' '641' '62' '403']
 ['849' '680' '144' '307']
 ['1204' '651' '96' '336']
 ['0' '0' '0' '0']
 ['0' '0' '0' '0']
 ['0' '0' '0' '0']
 ['0' '0' '0' '0']]",0,1,0,0
"[['14' '20' '1896' '1027']
 ['1267' '646' '115' '350']
 ['1775' '608' '48' '130']
 ['1651' '612' '101' '120']
 ['1118' '656' '86' '139']
 ['0' '0' '0' '0']
 ['0' '0' '0' '0']
 ['0' '0' '0' '0']]",0,0,1,0
"[['14' '20' '1896' '1027']
 ['1209' '641' '91' '346']
 ['1051' '636' '96' '374']
 ['844' '660' '134' '355']
 ['0' '0' '0' '0']
 ['0' '0' '0' '0']
 ['0' '0' '0' '0']
 ['0' '0' '0' '0']]",0,1,0,0
"[['14' '20' '1896' '1027']
 ['1204' '660' '115' '326']
 ['1051' '627' '115' '346']
 ['863' '660' '115' '360']
 ['0' '0' '0' '0']
 ['0' '0' '0' '0']
 ['0' '0' '0' '0']
 ['0' '0' '0' '0']]",0,1,0,0
"[['14' '20' '1896' '1027']
 ['1209' '660' '110' '346']
 ['1079' '641' '82' '370']
 ['854' '641' '120' '422']
 ['0' '0' '0' '0']
 ['0' '0' '0' '0']
 ['0' '0' '0' '0']
 ['0' '0' '0' '0']]",0,1,0,0
"[['14' '20' '1896' '1027']
 ['1180' '651' '120' '293']
 ['1055' '641' '115' '374']
 ['835' '670' '139' '355']
 ['0' '0' '0' '0']
 ['0' '0' '0' '0']
 ['0' '0' '0' '0']
 ['0' '0' '0' '0']]",0,1,0,0
"[['14' '20' '1896' '1027']
 ['1147' '632' '96' '259']
 ['1012' '641' '77' '326']
 ['835' '660' '125' '336']
 ['0' '0' '0' '0']
 ['0' '0' '0' '0']
 ['0' '0' '0' '0']
 ['0' '0' '0' '0']]",0,0,0,0
"[['14' '20' '1896' '1027']
 ['1127' '651' '38' '240']
 ['1180' '656' '67' '221']
 ['830' '656' '106' '350']
 ['1727' '651' '187' '67']
 ['0' '0' '0' '0']
 ['0' '0' '0' '0']
 ['0' '0' '0' '0']]",0,0,1,0
"[['14' '20' '1896' '1027']
 ['1607' '641' '307' '96']
 ['1065' '651' '72' '192']
 ['763' '660' '96' '278']
 ['0' '0' '0' '0']
 ['0' '0' '0' '0']
 ['0' '0' '0' '0']
 ['0' '0' '0' '0']]",0,1,0,0
"[['14' '20' '1896' '1027']
 ['729' '656' '72' '216']
 ['1046' '641' '101' '168']
 ['868' '612' '72' '240']
 ['1420' '622' '254' '120']
 ['0' '0' '0' '0']
 ['0' '0' '0' '0']
 ['0' '0' '0' '0']]",0,1,0,0
"[['14' '20' '1896' '1027']
 ['691' '641' '77' '221']
 ['844' '622' '58' '178']
 ['1233' '617' '149' '77']
 ['1415' '612' '168' '86']
 ['0' '0' '0' '0']
 ['0' '0' '0' '0']
 ['0' '0' '0' '0']]",0,1,0,0
"[['14' '20' '1896' '1027']
 ['647' '632' '58' '202']
 ['801' '632' '91' '154']
 ['897' '622' '91' '134']
 ['0' '0' '0' '0']
 ['0' '0' '0' '0']
 ['0' '0' '0' '0']
 ['0' '0' '0' '0']]",0,1,0,0
"[['14' '20' '1896' '1027']
 ['23' '756' '830' '254']
 ['1281' '660' '82' '365']
 ['1185' '660' '86' '264']
 ['1756' '622' '43' '139']
 ['1665' '617' '67' '110']
 ['1343' '641' '168' '67']
 ['0' '0' '0' '0']]",0,0,1,0
"[['14' '20' '1896' '1027']
 ['1579' '680' '341' '115']
 ['931' '747' '216' '288']
 ['609' '622' '67' '144']
 ['710' '641' '67' '110']
 ['782' '617' '77' '139']
 ['863' '612' '67' '115']
 ['0' '0' '0' '0']]",0,1,0,0
"[['14' '20' '1896' '1027']
 ['1430' '684' '235' '341']
 ['230' '761' '230' '259']
 ['763' '622' '53' '144']
 ['844' '608' '43' '120']
 ['691' '588' '48' '110']
 ['633' '593' '43' '125']
 ['1689' '641' '202' '134']]",0,0,1,0
"[['14' '20' '1896' '1027']
 ['1415' '656' '350' '120']
 ['1281' '636' '149' '403']
 ['1108' '732' '144' '312']
 ['811' '603' '67' '187']
 ['729' '598' '62' '139']
 ['0' '0' '0' '0']
 ['0' '0' '0' '0']]",0,1,0,0
"[['14' '20' '1896' '1027']
 ['1300' '641' '130' '307']
 ['1195' '680' '86' '346']
 ['849' '646' '53' '168']
 ['767' '584' '53' '163']
 ['1435' '636' '331' '163']
 ['0' '0' '0' '0']
 ['0' '0' '0' '0']]",0,0,1,0
"[['14' '20' '1896' '1027']
 ['1319' '627' '139' '336']
 ['1137' '656' '106' '312']
 ['897' '675' '96' '202']
 ['801' '603' '58' '192']
 ['1463' '627' '288' '154']
 ['0' '0' '0' '0']
 ['0' '0' '0' '0']]",0,0,1,0
"[['14' '20' '1896' '1027']
 ['1348' '656' '125' '250']
 ['1060' '665' '67' '283']
 ['839' '608' '72' '178']
 ['1492' '603' '274' '197']
 ['0' '0' '0' '0']
 ['0' '0' '0' '0']
 ['0' '0' '0' '0']]",0,0,1,0
"[['14' '20' '1896' '1027']
 ['1358' '627' '125' '264']
 ['1199' '718' '139' '331']
 ['878' '632' '77' '202']
 ['1497' '622' '230' '154']
 ['0' '0' '0' '0']
 ['0' '0' '0' '0']
 ['0' '0' '0' '0']]",0,0,1,0
"[['14' '20' '1896' '1027']
 ['1555' '814' '206' '230']
 ['1387' '622' '72' '254']
 ['1487' '608' '192' '182']
 ['710' '588' '58' '130']
 ['0' '0' '0' '0']
 ['0' '0' '0' '0']
 ['0' '0' '0' '0']]",0,1,0,0
"[['14' '20' '1896' '1027']
 ['1060' '633' '101' '326']
 ['1415' '657' '58' '230']
 ['1209' '609' '398' '173']
 ['897' '609' '58' '144']
 ['724' '585' '67' '158']
 ['806' '594' '24' '144']
 ['0' '0' '0' '0']]",0,1,0,0
"[['14' '20' '1896' '1027']
 ['1180' '643' '110' '398']
 ['1391' '648' '110' '235']
 ['739' '595' '58' '178']
 ['801' '595' '53' '134']
 ['863' '595' '62' '144']
 ['1545' '610' '187' '67']
 ['1574' '634' '110' '77']]",0,0,1,0
"[['14' '20' '1896' '1027']
 ['1281' '653' '86' '350']
 ['1737' '614' '58' '173']
 ['1655' '634' '62' '110']
 ['1449' '614' '139' '77']
 ['676' '720' '394' '178']
 ['0' '0' '0' '0']
 ['0' '0' '0' '0']]",0,0,1,0
"[['14' '20' '1896' '1027']
 ['1132' '634' '216' '101']
 ['1655' '634' '254' '96']
 ['1372' '662' '110' '374']
 ['767' '595' '58' '192']
 ['835' '605' '62' '163']
 ['0' '0' '0' '0']
 ['0' '0' '0' '0']]",0,1,0,0
"[['14' '20' '1896' '1027']
 ['1425' '634' '106' '240']
 ['796' '595' '62' '192']
 ['873' '614' '58' '173']
 ['1079' '610' '326' '158']
 ['0' '0' '0' '0']
 ['0' '0' '0' '0']
 ['0' '0' '0' '0']]",0,0,1,0
"[['14' '20' '1896' '1027']
 ['1420' '629' '106' '235']
 ['839' '610' '67' '211']
 ['911' '634' '62' '168']
 ['1022' '614' '336' '139']
 ['0' '0' '0' '0']
 ['0' '0' '0' '0']
 ['0' '0' '0' '0']]",0,0,1,0
"[['14' '20' '1896' '1027']
 ['1435' '614' '82' '259']
 ['873' '605' '101' '250']
 ['1012' '600' '230' '158']
 ['1531' '624' '163' '163']
 ['0' '0' '0' '0']
 ['0' '0' '0' '0']
 ['0' '0' '0' '0']]",0,0,1,0
"[['14' '20' '1896' '1027']
 ['1401' '634' '110' '389']
 ['1012' '634' '96' '230']
 ['710' '643' '226' '106']
 ['1531' '629' '312' '178']
 ['0' '0' '0' '0']
 ['0' '0' '0' '0']
 ['0' '0' '0' '0']]",0,0,1,0
"[['14' '20' '1896' '1027']
 ['494' '624' '408' '130']
 ['1492' '634' '206' '154']
 ['1276' '653' '115' '250']
 ['1387' '624' '110' '240']
 ['1012' '614' '62' '278']
 ['1079' '638' '62' '216']
 ['0' '0' '0' '0']]",0,1,0,0
"[['14' '20' '1896' '1027']
 ['1411' '624' '82' '221']
 ['1190' '638' '91' '226']
 ['1094' '624' '82' '298']
 ['263' '638' '331' '130']
 ['33' '830' '389' '182']
 ['1276' '634' '130' '149']
 ['1742' '658' '154' '91']]",0,0,1,0
"[['14' '20' '1896' '1027']
 ['1195' '624' '86' '317']
 ['1435' '629' '91' '254']
 ['1118' '653' '67' '221']
 ['52' '787' '384' '250']
 ['878' '672' '120' '82']
 ['1550' '624' '230' '144']
 ['0' '0' '0' '0']]",0,0,1,0
"[['14' '20' '1896' '1027']
 ['1262' '629' '106' '288']
 ['1415' '614' '115' '230']
 ['1180' '653' '62' '230']
 ['614' '634' '360' '106']
 ['23' '806' '432' '221']
 ['1555' '619' '288' '158']
 ['0' '0' '0' '0']]",0,0,1,0
"[['14' '20' '1896' '1027']
 ['1339' '624' '130' '398']
 ['1195' '653' '139' '250']
 ['1507' '595' '182' '158']
 ['33' '792' '451' '259']
 ['268' '653' '446' '110']
 ['878' '600' '86' '163']
 ['0' '0' '0' '0']]",0,1,0,0
"[['14' '20' '1896' '1027']
 ['1617' '624' '77' '149']
 ['1713' '614' '96' '173']
 ['1262' '682' '134' '365']
 ['1132' '634' '106' '154']
 ['0' '0' '0' '0']
 ['0' '0' '0' '0']
 ['0' '0' '0' '0']]",0,1,0,0
"[['14' '20' '1896' '1027']
 ['28' '768' '446' '250']
 ['1166' '619' '115' '326']
 ['1305' '619' '120' '341']
 ['1444' '614' '125' '274']
 ['839' '586' '58' '158']
 ['1579' '624' '197' '115']
 ['0' '0' '0' '0']]",0,0,1,0
"[['14' '20' '1896' '1027']
 ['71' '802' '350' '245']
 ['1060' '634' '125' '283']
 ['1300' '643' '139' '288']
 ['1449' '619' '115' '250']
 ['1209' '634' '91' '274']
 ['0' '0' '0' '0']
 ['0' '0' '0' '0']]",0,1,0,0
"[['14' '20' '1896' '1027']
 ['1012' '619' '77' '230']
 ['1310' '605' '101' '302']
 ['1223' '648' '82' '250']
 ['28' '778' '394' '259']
 ['1747' '653' '173' '72']
 ['1483' '629' '211' '82']
 ['0' '0' '0' '0']]",0,0,1,0
"[['14' '20' '1896' '1027']
 ['28' '754' '422' '283']
 ['748' '629' '379' '91']
 ['1377' '600' '173' '86']
 ['1305' '605' '120' '317']
 ['1199' '614' '106' '278']
 ['0' '0' '0' '0']
 ['0' '0' '0' '0']]",0,1,0,0
"[['14' '20' '1896' '1027']
 ['1281' '614' '154' '317']
 ['1223' '634' '58' '245']
 ['1060' '614' '106' '173']
 ['873' '600' '77' '154']
 ['388' '590' '408' '149']
 ['67' '773' '389' '259']
 ['0' '0' '0' '0']]",0,0,1,0
"[['14' '20' '1896' '1027']
 ['1300' '614' '96' '317']
 ['1204' '638' '96' '293']
 ['801' '590' '110' '178']
 ['23' '782' '384' '235']
 ['0' '0' '0' '0']
 ['0' '0' '0' '0']
 ['0' '0' '0' '0']]",0,0,1,0
"[['14' '20' '1896' '1027']
 ['1319' '619' '77' '346']
 ['1204' '638' '96' '245']
 ['38' '792' '398' '250']
 ['791' '595' '43' '158']
 ['916' '600' '67' '149']
 ['1670' '653' '250' '149']
 ['0' '0' '0' '0']]",0,1,0,0
"[['14' '20' '1896' '1027']
 ['1286' '634' '110' '336']
 ['1204' '653' '77' '250']
 ['1569' '682' '336' '130']
 ['33' '787' '394' '250']
 ['743' '600' '77' '154']
 ['859' '614' '67' '134']
 ['0' '0' '0' '0']]",0,1,0,0
"[['14' '20' '1896' '1027']
 ['1281' '643' '130' '326']
 ['1199' '653' '82' '254']
 ['830' '614' '72' '120']
 ['700' '614' '72' '115']
 ['1425' '672' '365' '134']
 ['38' '821' '350' '216']
 ['0' '0' '0' '0']]",0,0,1,0
"[['14' '20' '1896' '1027']
 ['1271' '648' '144' '307']
 ['1195' '667' '82' '250']
 ['1401' '653' '230' '139']
 ['33' '816' '331' '221']
 ['691' '614' '48' '134']
 ['806' '614' '77' '120']
 ['0' '0' '0' '0']]",0,1,0,0
"[['14' '20' '1896' '1027']
 ['1271' '643' '134' '374']
 ['1166' '672' '110' '278']
 ['1694' '619' '106' '216']
 ['1622' '614' '53' '211']
 ['0' '0' '0' '0']
 ['0' '0' '0' '0']
 ['0' '0' '0' '0']]",0,1,0,0
"[['14' '20' '1896' '1027']
 ['1415' '739' '130' '298']
 ['1252' '706' '125' '331']
 ['23' '826' '398' '211']
 ['1377' '638' '173' '96']
 ['1079' '667' '130' '101']
 ['0' '0' '0' '0']
 ['0' '0' '0' '0']]",0,0,1,0
"[['14' '20' '1896' '1027']
 ['1276' '696' '120' '336']
 ['1161' '691' '91' '346']
 ['979' '658' '168' '106']
 ['14' '826' '350' '187']
 ['1550' '662' '365' '125']
 ['0' '0' '0' '0']
 ['0' '0' '0' '0']]",0,0,1,0
"[['14' '20' '1896' '1027']
 ['1089' '667' '77' '341']
 ['1185' '672' '134' '346']
 ['537' '662' '379' '125']
 ['1377' '643' '350' '173']
 ['19' '845' '360' '187']
 ['0' '0' '0' '0']
 ['0' '0' '0' '0']]",0,0,1,0
"[['14' '20' '1896' '1027']
 ['52' '672' '403' '106']
 ['0' '845' '398' '192']
 ['1559' '653' '235' '96']
 ['1055' '667' '110' '379']
 ['1262' '634' '139' '346']
 ['1166' '667' '96' '331']
 ['0' '0' '0' '0']]",0,1,0,0
"[['14' '20' '1896' '1027']
 ['1243' '638' '173' '298']
 ['1147' '672' '110' '322']
 ['1051' '682' '106' '336']
 ['28' '835' '355' '206']
 ['791' '648' '370' '106']
 ['0' '0' '0' '0']
 ['0' '0' '0' '0']]",0,0,1,0
"[['14' '20' '1896' '1027']
 ['1286' '648' '82' '298']
 ['1137' '677' '130' '322']
 ['1031' '691' '139' '307']
 ['1401' '691' '350' '144']
 ['436' '648' '418' '139']
 ['28' '840' '389' '182']
 ['0' '0' '0' '0']]",0,0,1,0
"[['14' '20' '1896' '1027']
 ['1271' '643' '120' '307']
 ['1166' '658' '115' '326']
 ['1051' '672' '96' '307']
 ['23' '840' '346' '192']
 ['14' '590' '326' '154']
 ['1463' '629' '278' '106']
 ['0' '0' '0' '0']]",0,0,1,0
"[['14' '20' '1896' '1027']
 ['1454' '672' '182' '336']
 ['1262' '648' '115' '302']
 ['1166' '662' '82' '312']
 ['1070' '662' '115' '394']
 ['686' '653' '307' '144']
 ['1631' '682' '289' '130']
 ['33' '787' '346' '230']]",0,0,1,0
"[['14' '20' '1896' '1027']
 ['1473' '658' '125' '370']
 ['1271' '634' '101' '322']
 ['1166' '667' '120' '312']
 ['1046' '658' '115' '331']
 ['206' '662' '432' '106']
 ['28' '806' '374' '211']
 ['0' '0' '0' '0']]",0,0,1,0
"[['14' '20' '1896' '1027']
 ['1262' '638' '125' '322']
 ['1459' '634' '197' '384']
 ['1166' '677' '77' '298']
 ['1051' '667' '101' '346']
 ['691' '653' '355' '101']
 ['33' '821' '389' '221']
 ['0' '0' '0' '0']]",0,0,1,0
"[['14' '20' '1896' '1027']
 ['1684' '648' '101' '245']
 ['1588' '638' '77' '192']
 ['1267' '667' '134' '346']
 ['1171' '653' '106' '283']
 ['1430' '624' '125' '101']
 ['67' '634' '773' '418']
 ['0' '0' '0' '0']]",0,0,1,0
"[['14' '20' '1896' '1027']
 ['1492' '656' '173' '331']
 ['1243' '641' '134' '288']
 ['1046' '680' '106' '317']
 ['187' '680' '566' '110']
 ['33' '838' '432' '202']
 ['0' '0' '0' '0']
 ['0' '0' '0' '0']]",0,0,1,0
"[['14' '20' '1896' '1027']
 ['1502' '641' '158' '346']
 ['1281' '641' '120' '307']
 ['1051' '660' '110' '341']
 ['28' '732' '586' '293']
 ['0' '0' '0' '0']
 ['0' '0' '0' '0']
 ['0' '0' '0' '0']]",0,0,1,0
"[['14' '20' '1896' '1027']
 ['1492' '646' '154' '360']
 ['1300' '627' '168' '307']
 ['1175' '660' '72' '298']
 ['1036' '665' '115' '355']
 ['33' '756' '840' '264']
 ['0' '0' '0' '0']
 ['0' '0' '0' '0']]",0,0,1,0
"[['14' '20' '1896' '1027']
 ['1516' '641' '168' '394']
 ['1372' '632' '110' '240']
 ['1262' '632' '106' '259']
 ['796' '660' '240' '187']
 ['0' '0' '0' '0']
 ['0' '0' '0' '0']
 ['0' '0' '0' '0']]",0,0,1,0
"[['14' '20' '1896' '1027']
 ['1305' '641' '106' '221']
 ['1420' '636' '101' '216']
 ['1516' '651' '149' '403']
 ['0' '0' '0' '0']
 ['0' '0' '0' '0']
 ['0' '0' '0' '0']
 ['0' '0' '0' '0']]",0,1,0,0
"[['14' '20' '1896' '1027']
 ['1507' '627' '139' '389']
 ['1377' '646' '91' '206']
 ['1454' '622' '77' '221']
 ['0' '0' '0' '0']
 ['0' '0' '0' '0']
 ['0' '0' '0' '0']
 ['0' '0' '0' '0']]",0,1,0,0
"[['14' '20' '1896' '1027']
 ['1550' '670' '120' '360']
 ['1492' '617' '53' '274']
 ['1415' '641' '58' '178']
 ['0' '0' '0' '0']
 ['0' '0' '0' '0']
 ['0' '0' '0' '0']
 ['0' '0' '0' '0']]",0,1,0,0
"[['14' '20' '1896' '1027']
 ['14' '704' '250' '322']
 ['1454' '641' '58' '163']
 ['1545' '617' '53' '178']
 ['1598' '660' '82' '365']
 ['0' '0' '0' '0']
 ['0' '0' '0' '0']
 ['0' '0' '0' '0']]",0,1,0,0
"[['14' '20' '1896' '1027']
 ['1502' '641' '34' '154']
 ['1579' '627' '38' '130']
 ['1603' '632' '82' '379']
 ['345' '632' '610' '274']
 ['0' '0' '0' '0']
 ['0' '0' '0' '0']
 ['0' '0' '0' '0']]",0,0,1,0
"[['14' '20' '1896' '1027']
 ['1526' '617' '67' '216']
 ['1588' '622' '101' '230']
 ['1017' '584' '182' '154']
 ['0' '0' '0' '0']
 ['0' '0' '0' '0']
 ['0' '0' '0' '0']
 ['0' '0' '0' '0']]",0,0,1,0
"[['14' '20' '1896' '1027']
 ['33' '660' '557' '420']
 ['1070' '569' '240' '168']
 ['1257' '550' '216' '110']
 ['1737' '540' '139' '235']
 ['0' '0' '0' '0']
 ['0' '0' '0' '0']
 ['0' '0' '0' '0']]",0,1,0,0
"[['14' '20' '1896' '1027']
 ['345' '440' '706' '528']
 ['1665' '641' '130' '259']
 ['1545' '641' '101' '226']
 ['0' '0' '0' '0']
 ['0' '0' '0' '0']
 ['0' '0' '0' '0']
 ['0' '0' '0' '0']]",0,1,0,0
"[['14' '20' '1896' '1027']
 ['1526' '641' '144' '302']
 ['1055' '646' '115' '341']
 ['0' '0' '0' '0']
 ['0' '0' '0' '0']
 ['0' '0' '0' '0']
 ['0' '0' '0' '0']
 ['0' '0' '0' '0']]",0,1,0,0
"[['14' '20' '1896' '1027']
 ['1641' '603' '72' '144']
 ['1516' '622' '101' '307']
 ['19' '689' '504' '336']
 ['0' '0' '0' '0']
 ['0' '0' '0' '0']
 ['0' '0' '0' '0']
 ['0' '0' '0' '0']]",0,0,1,0
"[['14' '20' '1896' '1027']
 ['1665' '603' '62' '144']
 ['1607' '622' '34' '125']
 ['1483' '622' '106' '307']
 ['163' '665' '720' '322']
 ['0' '0' '0' '0']
 ['0' '0' '0' '0']
 ['0' '0' '0' '0']]",0,0,1,0
"[['14' '20' '1896' '1027']
 ['1684' '603' '67' '125']
 ['1459' '612' '101' '288']
 ['1622' '622' '58' '101']
 ['532' '656' '437' '221']
 ['0' '0' '0' '0']
 ['0' '0' '0' '0']
 ['0' '0' '0' '0']]",0,0,1,0
"[['14' '20' '1896' '1027']
 ['1689' '593' '62' '134']
 ['1631' '622' '62' '96']
 ['1459' '622' '120' '298']
 ['715' '660' '317' '187']
 ['0' '0' '0' '0']
 ['0' '0' '0' '0']
 ['0' '0' '0' '0']]",0,0,1,0
"[['14' '20' '1896' '1027']
 ['1396' '612' '130' '130']
 ['1675' '603' '58' '110']
 ['897' '617' '158' '163']
 ['0' '0' '0' '0']
 ['0' '0' '0' '0']
 ['0' '0' '0' '0']
 ['0' '0' '0' '0']]",0,0,1,0
"[['14' '20' '1896' '1027']
 ['1492' '608' '67' '173']
 ['1415' '622' '82' '149']
 ['9' '737' '523' '245']
 ['0' '0' '0' '0']
 ['0' '0' '0' '0']
 ['0' '0' '0' '0']
 ['0' '0' '0' '0']]",0,0,1,0
"[['14' '20' '1896' '1027']
 ['1473' '588' '77' '197']
 ['1372' '622' '82' '154']
 ['33' '732' '845' '269']
 ['1703' '593' '38' '139']
 ['1660' '612' '38' '101']
 ['0' '0' '0' '0']
 ['0' '0' '0' '0']]",0,1,0,0
"[['14' '20' '1896' '1027']
 ['1713' '584' '53' '115']
 ['1660' '608' '58' '86']
 ['1343' '612' '77' '202']
 ['1420' '627' '43' '130']
 ['494' '670' '461' '211']
 ['0' '0' '0' '0']
 ['0' '0' '0' '0']]",0,0,1,0
"[['14' '20' '1896' '1027']
 ['1703' '603' '77' '82']
 ['1665' '603' '72' '96']
 ['1214' '608' '134' '96']
 ['868' '651' '101' '158']
 ['609' '612' '230' '101']
 ['0' '0' '0' '0']
 ['0' '0' '0' '0']]",0,0,1,0
"[['14' '20' '1896' '1027']
 ['1641' '641' '144' '312']
 ['1531' '632' '115' '293']
 ['887' '507' '355' '346']
 ['0' '0' '0' '0']
 ['0' '0' '0' '0']
 ['0' '0' '0' '0']
 ['0' '0' '0' '0']]",0,0,1,0
"[['14' '20' '1896' '1027']
 ['14' '756' '422' '240']
 ['38' '632' '398' '101']
 ['1483' '608' '86' '360']
 ['1713' '598' '48' '110']
 ['1291' '641' '120' '341']
 ['0' '0' '0' '0']
 ['0' '0' '0' '0']]",0,1,0,0
"[['14' '20' '1896' '1027']
 ['1492' '593' '62' '293']
 ['1723' '603' '38' '72']
 ['1703' '608' '34' '62']
 ['278' '670' '566' '240']
 ['691' '608' '259' '72']
 ['0' '0' '0' '0']
 ['0' '0' '0' '0']]",0,0,1,0
"[['14' '20' '1896' '1027']
 ['1468' '608' '86' '278']
 ['1742' '612' '48' '86']
 ['1689' '603' '48' '91']
 ['225' '603' '0' '0']
 ['225' '603' '422' '134']
 ['0' '0' '0' '0']
 ['0' '0' '0' '0']]",0,0,1,0
"[['14' '20' '1896' '1027']
 ['1449' '608' '106' '283']
 ['1271' '617' '58' '202']
 ['225' '708' '653' '202']
 ['1694' '603' '53' '101']
 ['0' '0' '0' '0']
 ['0' '0' '0' '0']
 ['0' '0' '0' '0']]",0,1,0,0
"[['14' '20' '1896' '1027']
 ['1761' '593' '58' '91']
 ['1718' '627' '29' '91']
 ['1487' '608' '101' '283']
 ['801' '636' '144' '139']
 ['0' '0' '0' '0']
 ['0' '0' '0' '0']
 ['0' '0' '0' '0']]",0,0,1,0
"[['14' '20' '1896' '1027']
 ['1492' '593' '53' '250']
 ['1276' '632' '86' '192']
 ['14' '718' '499' '250']
 ['0' '0' '0' '0']
 ['0' '0' '0' '0']
 ['0' '0' '0' '0']
 ['0' '0' '0' '0']]",0,0,1,0
"[['14' '20' '1896' '1027']
 ['1468' '603' '91' '283']
 ['1252' '641' '96' '202']
 ['455' '680' '475' '187']
 ['0' '0' '0' '0']
 ['0' '0' '0' '0']
 ['0' '0' '0' '0']
 ['0' '0' '0' '0']]",0,0,1,0
"[['14' '20' '1896' '1027']
 ['1463' '617' '53' '312']
 ['1627' '641' '115' '259']
 ['1257' '636' '77' '216']
 ['748' '632' '216' '125']
 ['0' '0' '0' '0']
 ['0' '0' '0' '0']
 ['0' '0' '0' '0']]",0,0,1,0
"[['14' '20' '1896' '1027']
 ['1593' '617' '110' '235']
 ['1463' '598' '125' '312']
 ['1238' '627' '91' '211']
 ['38' '564' '696' '398']
 ['820' '627' '134' '110']
 ['0' '0' '0' '0']
 ['0' '0' '0' '0']]",0,0,1,0
"[['14' '20' '1896' '1027']
 ['1631' '612' '77' '197']
 ['1463' '608' '134' '317']
 ['139' '608' '787' '350']
 ['0' '0' '0' '0']
 ['0' '0' '0' '0']
 ['0' '0' '0' '0']
 ['0' '0' '0' '0']]",0,0,1,0
"[['14' '20' '1896' '1027']
 ['1607' '660' '149' '365']
 ['1473' '660' '144' '365']
 ['1262' '665' '106' '336']
 ['0' '0' '0' '0']
 ['0' '0' '0' '0']
 ['0' '0' '0' '0']
 ['0' '0' '0' '0']]",0,1,0,0
"[['14' '20' '1896' '1027']
 ['1655' '593' '106' '173']
 ['1468' '588' '91' '307']
 ['1257' '622' '72' '202']
 ['686' '603' '264' '259']
 ['0' '0' '0' '0']
 ['0' '0' '0' '0']
 ['0' '0' '0' '0']]",0,0,1,0
"[['14' '20' '1896' '1027']
 ['1684' '588' '67' '158']
 ['1463' '608' '101' '254']
 ['1276' '612' '62' '221']
 ['575' '584' '77' '110']
 ['652' '574' '43' '130']
 ['0' '0' '0' '0']
 ['0' '0' '0' '0']]",0,1,0,0
"[['14' '20' '1896' '1027']
 ['1473' '603' '101' '163']
 ['1670' '588' '96' '120']
 ['1262' '632' '101' '206']
 ['1142' '641' '110' '317']
 ['1286' '574' '178' '130']
 ['0' '0' '0' '0']
 ['0' '0' '0' '0']]",0,0,1,0
"[['14' '20' '1896' '1027']
 ['1478' '598' '96' '283']
 ['1699' '588' '48' '110']
 ['1257' '617' '72' '230']
 ['590' '569' '48' '120']
 ['647' '569' '38' '101']
 ['0' '0' '0' '0']
 ['0' '0' '0' '0']]",0,1,0,0
"[['14' '20' '1896' '1027']
 ['1478' '584' '96' '307']
 ['1252' '612' '86' '187']
 ['1161' '656' '67' '293']
 ['1689' '598' '53' '106']
 ['28' '699' '797' '288']
 ['0' '0' '0' '0']
 ['0' '0' '0' '0']]",0,0,1,0
"[['14' '20' '1896' '1027']
 ['1459' '622' '101' '365']
 ['1247' '622' '86' '216']
 ['1694' '603' '62' '115']
 ['0' '0' '0' '0']
 ['0' '0' '0' '0']
 ['0' '0' '0' '0']
 ['0' '0' '0' '0']]",0,1,0,0
"[['14' '20' '1896' '1027']
 ['1497' '627' '53' '187']
 ['1703' '598' '48' '120']
 ['1223' '603' '178' '96']
 ['0' '0' '0' '0']
 ['0' '0' '0' '0']
 ['0' '0' '0' '0']
 ['0' '0' '0' '0']]",0,0,1,0
"[['14' '20' '1896' '1027']
 ['1497' '603' '110' '312']
 ['1703' '588' '58' '110']
 ['1348' '588' '139' '115']
 ['0' '0' '0' '0']
 ['0' '0' '0' '0']
 ['0' '0' '0' '0']
 ['0' '0' '0' '0']]",0,0,1,0
"[['14' '20' '1896' '1027']
 ['1723' '584' '53' '139']
 ['1483' '603' '125' '230']
 ['0' '0' '0' '0']
 ['0' '0' '0' '0']
 ['0' '0' '0' '0']
 ['0' '0' '0' '0']
 ['0' '0' '0' '0']]",0,1,0,0
"[['14' '20' '1896' '1027']
 ['1483' '593' '106' '221']
 ['609' '588' '48' '110']
 ['1727' '584' '29' '115']
 ['1780' '593' '53' '91']
 ['0' '0' '0' '0']
 ['0' '0' '0' '0']
 ['0' '0' '0' '0']]",0,1,0,0
"[['14' '20' '1896' '1027']
 ['23' '756' '878' '269']
 ['0' '0' '0' '0']
 ['0' '0' '0' '0']
 ['0' '0' '0' '0']
 ['0' '0' '0' '0']
 ['0' '0' '0' '0']
 ['0' '0' '0' '0']]",0,0,1,0
"[['14' '20' '1896' '1027']
 ['1492' '603' '101' '254']
 ['1041' '660' '67' '365']
 ['1391' '622' '101' '350']
 ['1300' '632' '82' '283']
 ['1252' '627' '48' '226']
 ['0' '0' '0' '0']
 ['0' '0' '0' '0']]",0,1,0,0
"[['14' '20' '1896' '1027']
 ['47' '728' '677' '278']
 ['1483' '617' '125' '302']
 ['1708' '608' '43' '91']
 ['1766' '608' '58' '72']
 ['0' '0' '0' '0']
 ['0' '0' '0' '0']
 ['0' '0' '0' '0']]",0,0,1,0
"[['14' '20' '1896' '1027']
 ['1492' '612' '106' '278']
 ['1339' '603' '139' '298']
 ['590' '593' '86' '120']
 ['0' '0' '0' '0']
 ['0' '0' '0' '0']
 ['0' '0' '0' '0']
 ['0' '0' '0' '0']]",0,1,0,0
"[['14' '20' '1896' '1027']
 ['1478' '608' '91' '283']
 ['599' '598' '67' '120']
 ['1324' '622' '91' '250']
 ['1219' '632' '82' '211']
 ['0' '0' '0' '0']
 ['0' '0' '0' '0']
 ['0' '0' '0' '0']]",0,1,0,0
"[['14' '20' '1896' '1027']
 ['614' '608' '38' '96']
 ['1670' '617' '58' '77']
 ['1502' '622' '48' '293']
 ['1339' '617' '77' '274']
 ['0' '0' '0' '0']
 ['0' '0' '0' '0']
 ['0' '0' '0' '0']]",0,0,0,0
"[['14' '20' '1896' '1027']
 ['1487' '622' '86' '264']
 ['590' '598' '82' '101']
 ['0' '0' '0' '0']
 ['0' '0' '0' '0']
 ['0' '0' '0' '0']
 ['0' '0' '0' '0']
 ['0' '0' '0' '0']]",0,1,0,0
"[['14' '20' '1896' '1027']
 ['609' '598' '34' '120']
 ['643' '603' '62' '96']
 ['0' '0' '0' '0']
 ['0' '0' '0' '0']
 ['0' '0' '0' '0']
 ['0' '0' '0' '0']
 ['0' '0' '0' '0']]",0,1,0,0
"[['14' '20' '1896' '1027']
 ['614' '612' '38' '110']
 ['657' '603' '43' '96']
 ['0' '0' '0' '0']
 ['0' '0' '0' '0']
 ['0' '0' '0' '0']
 ['0' '0' '0' '0']
 ['0' '0' '0' '0']]",0,1,0,0
"[['14' '20' '1896' '1027']
 ['609' '608' '48' '96']
 ['1473' '622' '115' '302']
 ['0' '0' '0' '0']
 ['0' '0' '0' '0']
 ['0' '0' '0' '0']
 ['0' '0' '0' '0']
 ['0' '0' '0' '0']]",0,1,0,0
"[['14' '20' '1896' '1027']
 ['1689' '612' '48' '86']
 ['609' '603' '58' '96']
 ['671' '588' '53' '110']
 ['0' '0' '0' '0']
 ['0' '0' '0' '0']
 ['0' '0' '0' '0']
 ['0' '0' '0' '0']]",0,1,0,0
"[['14' '20' '1896' '1027']
 ['614' '708' '422' '235']
 ['0' '0' '0' '0']
 ['0' '0' '0' '0']
 ['0' '0' '0' '0']
 ['0' '0' '0' '0']
 ['0' '0' '0' '0']
 ['0' '0' '0' '0']]",0,0,1,0
"[['14' '20' '1896' '1027']
 ['628' '603' '38' '96']
 ['1415' '603' '115' '288']
 ['1612' '617' '308' '110']
 ['0' '0' '0' '0']
 ['0' '0' '0' '0']
 ['0' '0' '0' '0']
 ['0' '0' '0' '0']]",0,0,1,0
"[['14' '20' '1896' '1027']
 ['1454' '593' '235' '106']
 ['1142' '603' '62' '197']
 ['1070' '622' '53' '173']
 ['859' '593' '62' '202']
 ['652' '579' '48' '139']
 ['0' '0' '0' '0']
 ['0' '0' '0' '0']]",0,1,0,0
"[['14' '20' '1896' '1027']
 ['1079' '603' '38' '163']
 ['1012' '617' '67' '125']
 ['801' '598' '53' '173']
 ['873' '603' '53' '163']
 ['1684' '603' '211' '91']
 ['0' '0' '0' '0']
 ['0' '0' '0' '0']]",0,0,1,0
"[['14' '20' '1896' '1027']
 ['1055' '584' '77' '163']
 ['820' '598' '72' '149']
 ['667' '579' '62' '163']
 ['777' '598' '48' '134']
 ['1564' '603' '278' '96']
 ['0' '0' '0' '0']
 ['0' '0' '0' '0']]",0,0,1,0
"[['14' '20' '1896' '1027']
 ['614' '603' '91' '178']
 ['705' '598' '72' '130']
 ['1555' '584' '283' '82']
 ['0' '0' '0' '0']
 ['0' '0' '0' '0']
 ['0' '0' '0' '0']
 ['0' '0' '0' '0']]",0,0,1,0
"[['14' '20' '1896' '1027']
 ['1588' '584' '332' '115']
 ['705' '612' '86' '187']
 ['863' '598' '58' '144']
 ['0' '0' '0' '0']
 ['0' '0' '0' '0']
 ['0' '0' '0' '0']
 ['0' '0' '0' '0']]",0,1,0,0
"[['14' '20' '1896' '1027']
 ['820' '617' '86' '197']
 ['753' '608' '72' '163']
 ['1684' '593' '226' '86']
 ['1343' '598' '202' '82']
 ['0' '0' '0' '0']
 ['0' '0' '0' '0']
 ['0' '0' '0' '0']]",0,0,1,0
"[['14' '20' '1896' '1027']
 ['1588' '593' '307' '101']
 ['825' '612' '72' '259']
 ['897' '622' '82' '230']
 ['0' '0' '0' '0']
 ['0' '0' '0' '0']
 ['0' '0' '0' '0']
 ['0' '0' '0' '0']]",0,1,0,0
"[['14' '20' '1896' '1027']
 ['1665' '603' '206' '91']
 ['983' '627' '106' '283']
 ['887' '632' '77' '240']
 ['820' '608' '38' '110']
 ['0' '0' '0' '0']
 ['0' '0' '0' '0']
 ['0' '0' '0' '0']]",0,1,0,0
"[['14' '20' '1896' '1027']
 ['1545' '593' '317' '86']
 ['1022' '641' '139' '374']
 ['801' '603' '34' '134']
 ['0' '0' '0' '0']
 ['0' '0' '0' '0']
 ['0' '0' '0' '0']
 ['0' '0' '0' '0']]",0,1,0,0
"[['14' '20' '1896' '1027']
 ['297' '718' '398' '86']
 ['1065' '670' '202' '144']
 ['0' '0' '0' '0']
 ['0' '0' '0' '0']
 ['0' '0' '0' '0']
 ['0' '0' '0' '0']
 ['0' '0' '0' '0']]",0,0,1,0
"[['14' '20' '1896' '1027']
 ['1103' '636' '158' '394']
 ['1478' '598' '211' '67']
 ['1286' '584' '192' '115']
 ['0' '0' '0' '0']
 ['0' '0' '0' '0']
 ['0' '0' '0' '0']
 ['0' '0' '0' '0']]",0,0,1,0
"[['14' '20' '1896' '1027']
 ['849' '684' '110' '360']
 ['0' '0' '0' '0']
 ['0' '0' '0' '0']
 ['0' '0' '0' '0']
 ['0' '0' '0' '0']
 ['0' '0' '0' '0']
 ['0' '0' '0' '0']]",0,1,0,0
"[['14' '20' '1896' '1027']
 ['1415' '569' '216' '110']
 ['1694' '584' '221' '67']
 ['0' '0' '0' '0']
 ['0' '0' '0' '0']
 ['0' '0' '0' '0']
 ['0' '0' '0' '0']
 ['0' '0' '0' '0']]",0,0,1,0
"[['14' '20' '1896' '1027']
 ['14' '795' '528' '221']
 ['1531' '569' '250' '110']
 ['647' '617' '67' '110']
 ['0' '0' '0' '0']
 ['0' '0' '0' '0']
 ['0' '0' '0' '0']
 ['0' '0' '0' '0']]",0,1,0,0
"[['14' '20' '1896' '1027']
 ['1195' '641' '106' '245']
 ['1070' '632' '96' '245']
 ['983' '627' '91' '264']
 ['647' '622' '67' '134']
 ['14' '800' '518' '240']
 ['0' '0' '0' '0']
 ['0' '0' '0' '0']]",0,0,1,0
"[['14' '20' '1896' '1027']
 ['652' '627' '58' '110']
 ['1118' '632' '67' '192']
 ['1027' '636' '62' '197']
 ['14' '795' '490' '250']
 ['1343' '598' '192' '106']
 ['0' '0' '0' '0']
 ['0' '0' '0' '0']]",0,0,1,0
"[['14' '20' '1896' '1027']
 ['1583' '598' '331' '91']
 ['33' '814' '461' '235']
 ['1036' '632' '72' '163']
 ['657' '622' '67' '134']
 ['959' '627' '58' '173']
 ['0' '0' '0' '0']
 ['0' '0' '0' '0']]",0,1,0,0
"[['14' '20' '1896' '1027']
 ['1271' '593' '221' '115']
 ['23' '819' '461' '230']
 ['993' '632' '91' '168']
 ['686' '632' '77' '144']
 ['859' '622' '48' '163']
 ['945' '641' '48' '139']
 ['0' '0' '0' '0']]",0,1,0,0
"[['14' '20' '1896' '1027']
 ['1483' '632' '259' '67']
 ['14' '833' '480' '192']
 ['959' '627' '91' '134']
 ['719' '641' '67' '149']
 ['815' '622' '48' '168']
 ['0' '0' '0' '0']
 ['0' '0' '0' '0']]",0,1,0,0
"[['14' '20' '1896' '1027']
 ['777' '636' '77' '197']
 ['849' '617' '62' '139']
 ['28' '795' '485' '240']
 ['1243' '612' '187' '86']
 ['0' '0' '0' '0']
 ['0' '0' '0' '0']
 ['0' '0' '0' '0']]",0,0,1,0
"[['14' '20' '1896' '1027']
 ['14' '747' '590' '288']
 ['1175' '670' '96' '298']
 ['0' '0' '0' '0']
 ['0' '0' '0' '0']
 ['0' '0' '0' '0']
 ['0' '0' '0' '0']
 ['0' '0' '0' '0']]",1,0,0,0
"[['14' '20' '1896' '1027']
 ['28' '814' '446' '211']
 ['1483' '617' '264' '91']
 ['839' '651' '96' '221']
 ['0' '0' '0' '0']
 ['0' '0' '0' '0']
 ['0' '0' '0' '0']
 ['0' '0' '0' '0']]",0,1,0,0
"[['14' '20' '1896' '1027']
 ['945' '651' '130' '283']
 ['1233' '598' '163' '82']
 ['1406' '584' '202' '96']
 ['14' '795' '466' '250']
 ['0' '0' '0' '0']
 ['0' '0' '0' '0']
 ['0' '0' '0' '0']]",0,0,1,0
"[['14' '20' '1896' '1027']
 ['1411' '608' '283' '77']
 ['9' '828' '456' '211']
 ['1123' '651' '139' '365']
 ['705' '603' '77' '125']
 ['796' '608' '53' '110']
 ['0' '0' '0' '0']
 ['0' '0' '0' '0']]",0,1,0,0
"[['14' '20' '1896' '1027']
 ['1190' '584' '192' '115']
 ['33' '828' '451' '187']
 ['1689' '603' '226' '158']
 ['695' '603' '62' '101']
 ['772' '612' '38' '96']
 ['801' '603' '67' '96']
 ['0' '0' '0' '0']]",0,1,0,0
"[['14' '20' '1896' '1027']
 ['1329' '617' '456' '120']
 ['19' '814' '485' '230']
 ['695' '612' '48' '106']
 ['753' '612' '58' '86']
 ['0' '0' '0' '0']
 ['0' '0' '0' '0']
 ['0' '0' '0' '0']]",0,1,0,0
"[['14' '20' '1896' '1027']
 ['1041' '641' '394' '96']
 ['0' '0' '0' '0']
 ['19' '809' '494' '202']
 ['686' '608' '38' '77']
 ['724' '603' '58' '82']
 ['0' '0' '0' '0']
 ['0' '0' '0' '0']]",0,1,0,0
"[['14' '20' '1896' '1027']
 ['964' '636' '317' '82']
 ['4' '819' '528' '221']
 ['547' '608' '72' '130']
 ['667' '617' '43' '91']
 ['719' '617' '43' '86']
 ['0' '0' '0' '0']
 ['0' '0' '0' '0']]",0,1,0,0
"[['14' '20' '1896' '1027']
 ['950' '608' '288' '168']
 ['1363' '593' '235' '86']
 ['19' '838' '456' '202']
 ['575' '617' '72' '120']
 ['667' '603' '24' '96']
 ['0' '0' '0' '0']
 ['0' '0' '0' '0']]",0,1,0,0
"[['14' '20' '1896' '1027']
 ['647' '632' '72' '125']
 ['940' '622' '245' '134']
 ['47' '814' '446' '211']
 ['0' '0' '0' '0']
 ['0' '0' '0' '0']
 ['0' '0' '0' '0']
 ['0' '0' '0' '0']]",0,0,1,0
"[['14' '20' '1896' '1027']
 ['1238' '612' '139' '312']
 ['859' '632' '269' '106']
 ['1574' '584' '278' '82']
 ['1339' '588' '173' '77']
 ['763' '608' '77' '178']
 ['0' '0' '0' '0']
 ['0' '0' '0' '0']]",0,1,0,0
"[['14' '20' '1896' '1027']
 ['1171' '713' '82' '254']
 ['1257' '699' '125' '322']
 ['273' '742' '686' '293']
 ['0' '0' '0' '0']
 ['0' '0' '0' '0']
 ['0' '0' '0' '0']
 ['0' '0' '0' '0']]",0,0,1,0
"[['14' '20' '1896' '1027']
 ['1108' '603' '144' '269']
 ['1334' '584' '211' '86']
 ['643' '641' '288' '106']
 ['38' '814' '437' '230']
 ['0' '0' '0' '0']
 ['0' '0' '0' '0']
 ['0' '0' '0' '0']]",0,0,1,0
"[['14' '20' '1896' '1027']
 ['1089' '608' '106' '192']
 ['1003' '617' '67' '211']
 ['1550' '584' '211' '82']
 ['379' '660' '403' '96']
 ['23' '795' '437' '216']
 ['0' '0' '0' '0']
 ['0' '0' '0' '0']]",0,0,1,0
"[['14' '20' '1896' '1027']
 ['1243' '584' '96' '197']
 ['62' '684' '413' '91']
 ['38' '828' '557' '202']
 ['0' '0' '0' '0']
 ['0' '0' '0' '0']
 ['0' '0' '0' '0']
 ['0' '0' '0' '0']]",0,0,1,0
"[['14' '20' '1896' '1027']
 ['791' '588' '82' '240']
 ['33' '824' '446' '178']
 ['1444' '564' '379' '182']
 ['0' '0' '0' '0']
 ['0' '0' '0' '0']
 ['0' '0' '0' '0']
 ['0' '0' '0' '0']]",0,0,1,0
"[['14' '20' '1896' '1027']
 ['1195' '588' '446' '149']
 ['4' '833' '490' '173']
 ['1459' '593' '91' '202']
 ['724' '608' '72' '149']
 ['0' '0' '0' '0']
 ['0' '0' '0' '0']
 ['0' '0' '0' '0']]",0,1,0,0
"[['14' '20' '1896' '1027']
 ['1175' '584' '317' '154']
 ['1487' '603' '82' '197']
 ['667' '603' '58' '144']
 ['33' '819' '437' '221']
 ['0' '0' '0' '0']
 ['0' '0' '0' '0']
 ['0' '0' '0' '0']]",0,0,1,0
"[['14' '20' '1896' '1027']
 ['1147' '598' '331' '139']
 ['1473' '588' '96' '226']
 ['628' '603' '72' '134']
 ['739' '622' '58' '106']
 ['19' '809' '437' '216']
 ['0' '0' '0' '0']
 ['0' '0' '0' '0']]",0,0,1,0
"[['14' '20' '1896' '1027']
 ['1113' '598' '355' '158']
 ['1478' '579' '91' '254']
 ['604' '622' '67' '91']
 ['28' '814' '485' '192']
 ['806' '593' '43' '120']
 ['849' '598' '72' '110']
 ['1588' '579' '139' '91']]",0,0,1,0
"[['14' '20' '1896' '1027']
 ['1079' '612' '355' '130']
 ['28' '833' '427' '178']
 ['1487' '588' '86' '240']
 ['590' '617' '67' '101']
 ['0' '0' '0' '0']
 ['0' '0' '0' '0']
 ['0' '0' '0' '0']]",0,1,0,0
"[['14' '20' '1896' '1027']
 ['1070' '603' '235' '115']
 ['1012' '603' '58' '154']
 ['950' '603' '72' '192']
 ['849' '627' '77' '130']
 ['1473' '579' '86' '211']
 ['0' '0' '0' '0']
 ['0' '0' '0' '0']]",0,1,0,0
"[['14' '20' '1896' '1027']
 ['647' '708' '422' '221']
 ['1305' '646' '149' '96']
 ['1185' '708' '77' '254']
 ['1262' '708' '134' '322']
 ['0' '0' '0' '0']
 ['0' '0' '0' '0']
 ['0' '0' '0' '0']]",0,1,0,0
"[['14' '20' '1896' '1027']
 ['1468' '593' '106' '211']
 ['1079' '608' '106' '187']
 ['1017' '627' '91' '192']
 ['950' '636' '62' '154']
 ['739' '627' '178' '101']
 ['33' '804' '504' '221']
 ['0' '0' '0' '0']]",0,0,1,0
"[['14' '20' '1896' '1027']
 ['1487' '584' '101' '226']
 ['475' '651' '379' '106']
 ['23' '800' '461' '221']
 ['0' '0' '0' '0']
 ['0' '0' '0' '0']
 ['0' '0' '0' '0']
 ['0' '0' '0' '0']]",0,0,1,0
"[['14' '20' '1896' '1027']
 ['1492' '569' '77' '226']
 ['67' '651' '509' '125']
 ['38' '824' '475' '226']
 ['998' '612' '130' '398']
 ['1185' '608' '134' '312']
 ['0' '0' '0' '0']
 ['0' '0' '0' '0']]",0,1,0,0
"[['14' '20' '1896' '1027']
 ['14' '804' '485' '211']
 ['1473' '584' '106' '163']
 ['1012' '603' '96' '355']
 ['1276' '593' '72' '322']
 ['0' '0' '0' '0']
 ['0' '0' '0' '0']
 ['0' '0' '0' '0']]",0,1,0,0
"[['14' '20' '1896' '1027']
 ['1497' '564' '91' '173']
 ['988' '603' '144' '365']
 ['19' '800' '480' '235']
 ['0' '0' '0' '0']
 ['0' '0' '0' '0']
 ['0' '0' '0' '0']
 ['0' '0' '0' '0']]",0,0,1,0
"[['14' '20' '1896' '1027']
 ['1526' '584' '77' '158']
 ['1012' '588' '125' '346']
 ['33' '737' '595' '269']
 ['1531' '584' '58' '154']
 ['0' '0' '0' '0']
 ['0' '0' '0' '0']
 ['0' '0' '0' '0']]",0,0,1,0
"[['14' '20' '1896' '1027']
 ['1507' '574' '67' '163']
 ['1603' '579' '38' '67']
 ['115' '723' '802' '254']
 ['0' '0' '0' '0']
 ['0' '0' '0' '0']
 ['0' '0' '0' '0']
 ['0' '0' '0' '0']]",0,0,1,0
"[['14' '20' '1896' '1027']
 ['1540' '574' '38' '144']
 ['1588' '569' '38' '72']
 ['1012' '603' '96' '326']
 ['729' '622' '187' '192']
 ['0' '0' '0' '0']
 ['0' '0' '0' '0']
 ['0' '0' '0' '0']]",0,0,1,0
"[['14' '20' '1896' '1027']
 ['1559' '564' '62' '139']
 ['1627' '564' '53' '77']
 ['1089' '603' '182' '115']
 ['28' '809' '259' '216']
 ['0' '0' '0' '0']
 ['0' '0' '0' '0']
 ['0' '0' '0' '0']]",0,0,1,0
"[['14' '20' '1896' '1027']
 ['1607' '545' '58' '115']
 ['283' '670' '624' '278']
 ['1238' '569' '149' '106']
 ['0' '0' '0' '0']
 ['0' '0' '0' '0']
 ['0' '0' '0' '0']
 ['0' '0' '0' '0']]",0,0,1,0
"[['14' '20' '1896' '1027']
 ['19' '804' '475' '235']
 ['859' '699' '322' '134']
 ['0' '0' '0' '0']
 ['0' '0' '0' '0']
 ['0' '0' '0' '0']
 ['0' '0' '0' '0']
 ['0' '0' '0' '0']]",0,0,1,0
"[['14' '20' '1896' '1027']
 ['1627' '545' '34' '134']
 ['1545' '564' '38' '77']
 ['959' '603' '283' '120']
 ['0' '0' '0' '0']
 ['0' '0' '0' '0']
 ['0' '0' '0' '0']
 ['0' '0' '0' '0']]",0,0,1,0
"[['14' '20' '1896' '1027']
 ['1185' '545' '154' '149']
 ['47' '699' '677' '293']
 ['1612' '531' '53' '115']
 ['1511' '550' '48' '72']
 ['979' '579' '101' '331']
 ['0' '0' '0' '0']
 ['0' '0' '0' '0']]",0,1,0,0
"[['14' '20' '1896' '1027']
 ['839' '622' '346' '120']
 ['1305' '555' '158' '77']
 ['1641' '531' '34' '115']
 ['1593' '540' '48' '82']
 ['1516' '540' '53' '91']
 ['0' '0' '0' '0']
 ['0' '0' '0' '0']]",0,1,0,0
"[['14' '20' '1896' '1027']
 ['1646' '545' '24' '91']
 ['1579' '545' '67' '91']
 ['1497' '564' '53' '67']
 ['1459' '545' '34' '91']
 ['1156' '574' '158' '110']
 ['0' '0' '0' '0']
 ['0' '0' '0' '0']]",0,0,1,0
"[['14' '20' '1896' '1027']
 ['1593' '545' '43' '115']
 ['1502' '560' '38' '82']
 ['1435' '569' '38' '67']
 ['489' '612' '427' '283']
 ['0' '0' '0' '0']
 ['0' '0' '0' '0']
 ['0' '0' '0' '0']]",0,0,1,0
"[['14' '20' '1896' '1027']
 ['1607' '564' '38' '77']
 ['1535' '555' '34' '82']
 ['1487' '564' '53' '86']
 ['1430' '560' '29' '82']
 ['1041' '569' '254' '139']
 ['0' '0' '0' '0']
 ['0' '0' '0' '0']]",0,0,1,0
"[['14' '20' '1896' '1027']
 ['1588' '564' '53' '101']
 ['1535' '584' '43' '67']
 ['1473' '564' '58' '86']
 ['1415' '560' '38' '96']
 ['1228' '550' '130' '125']
 ['0' '0' '0' '0']
 ['0' '0' '0' '0']]",0,0,1,0
"[['14' '20' '1896' '1027']
 ['1574' '555' '43' '115']
 ['1463' '564' '38' '120']
 ['1396' '555' '38' '86']
 ['1756' '555' '139' '96']
 ['0' '0' '0' '0']
 ['0' '0' '0' '0']
 ['0' '0' '0' '0']]",0,0,1,0
"[['14' '20' '1896' '1027']
 ['1564' '555' '48' '144']
 ['1444' '564' '48' '130']
 ['1387' '560' '34' '115']
 ['1780' '564' '115' '96']
 ['0' '0' '0' '0']
 ['0' '0' '0' '0']
 ['0' '0' '0' '0']]",0,0,1,0
"[['14' '20' '1896' '1027']
 ['1511' '564' '86' '106']
 ['1415' '603' '43' '115']
 ['1367' '584' '43' '115']
 ['1751' '560' '144' '82']
 ['0' '0' '0' '0']
 ['0' '0' '0' '0']
 ['0' '0' '0' '0']]",0,0,1,0
"[['14' '20' '1896' '1027']
 ['1775' '550' '82' '235']
 ['1281' '598' '134' '355']
 ['1070' '579' '230' '158']
 ['52' '694' '528' '322']
 ['686' '574' '283' '115']
 ['0' '0' '0' '0']
 ['0' '0' '0' '0']]",0,0,1,0
"[['14' '20' '1896' '1027']
 ['1771' '641' '62' '96']
 ['33' '718' '773' '245']
 ['1051' '665' '139' '144']
 ['0' '0' '0' '0']
 ['0' '0' '0' '0']
 ['0' '0' '0' '0']
 ['0' '0' '0' '0']]",0,0,1,0
"[['14' '20' '1896' '1027']
 ['1483' '569' '101' '187']
 ['1425' '560' '53' '139']
 ['1742' '526' '149' '120']
 ['0' '0' '0' '0']
 ['0' '0' '0' '0']
 ['0' '0' '0' '0']
 ['0' '0' '0' '0']]",0,0,1,0
"[['14' '20' '1896' '1027']
 ['1473' '579' '86' '216']
 ['1396' '560' '77' '125']
 ['1300' '550' '58' '134']
 ['1214' '636' '134' '293']
 ['1804' '545' '77' '139']
 ['1607' '560' '211' '77']
 ['0' '0' '0' '0']]",0,0,1,0
"[['14' '20' '1896' '1027']
 ['1483' '550' '178' '77']
 ['1814' '545' '77' '134']
 ['1439' '564' '110' '322']
 ['1372' '560' '67' '158']
 ['1281' '555' '53' '154']
 ['0' '0' '0' '0']
 ['0' '0' '0' '0']]",0,1,0,0
"[['14' '20' '1896' '1027']
 ['1252' '536' '48' '163']
 ['1132' '598' '86' '235']
 ['1794' '536' '101' '110']
 ['0' '0' '0' '0']
 ['0' '0' '0' '0']
 ['0' '0' '0' '0']
 ['0' '0' '0' '0']]",0,0,1,0
"[['14' '20' '1896' '1027']
 ['1439' '564' '72' '216']
 ['1329' '569' '67' '154']
 ['0' '0' '0' '0']
 ['0' '0' '0' '0']
 ['0' '0' '0' '0']
 ['0' '0' '0' '0']
 ['0' '0' '0' '0']]",0,1,0,0
"[['14' '20' '1896' '1027']
 ['1425' '555' '110' '293']
 ['1295' '584' '77' '264']
 ['1223' '564' '86' '221']
 ['1108' '584' '86' '221']
 ['0' '0' '0' '0']
 ['0' '0' '0' '0']
 ['0' '0' '0' '0']]",0,1,0,0
"[['14' '20' '1896' '1027']
 ['1132' '603' '72' '182']
 ['1204' '584' '130' '317']
 ['1391' '603' '134' '374']
 ['0' '0' '0' '0']
 ['0' '0' '0' '0']
 ['0' '0' '0' '0']
 ['0' '0' '0' '0']]",0,1,0,0
"[['14' '20' '1896' '1027']
 ['1842' '550' '58' '115']
 ['0' '0' '0' '0']
 ['0' '0' '0' '0']
 ['0' '0' '0' '0']
 ['0' '0' '0' '0']
 ['0' '0' '0' '0']
 ['0' '0' '0' '0']]",0,0,1,0
"[['14' '20' '1896' '1027']
 ['1127' '627' '86' '202']
 ['0' '0' '0' '0']
 ['0' '0' '0' '0']
 ['0' '0' '0' '0']
 ['0' '0' '0' '0']
 ['0' '0' '0' '0']
 ['0' '0' '0' '0']]",0,1,0,0
"[['14' '20' '1896' '1027']
 ['1127' '622' '96' '230']
 ['0' '0' '0' '0']
 ['0' '0' '0' '0']
 ['0' '0' '0' '0']
 ['0' '0' '0' '0']
 ['0' '0' '0' '0']
 ['0' '0' '0' '0']]",0,1,0,0
"[['14' '20' '1896' '1027']
 ['355' '680' '610' '307']
 ['1785' '641' '48' '101']
 ['1070' '670' '173' '86']
 ['0' '0' '0' '0']
 ['0' '0' '0' '0']
 ['0' '0' '0' '0']
 ['0' '0' '0' '0']]",0,0,1,0
"[['14' '20' '1896' '1027']
 ['1127' '622' '77' '240']
 ['0' '0' '0' '0']
 ['0' '0' '0' '0']
 ['0' '0' '0' '0']
 ['0' '0' '0' '0']
 ['0' '0' '0' '0']
 ['0' '0' '0' '0']]",0,1,0,0
"[['14' '20' '1896' '1027']
 ['1137' '617' '72' '245']
 ['551' '584' '43' '91']
 ['590' '579' '29' '67']
 ['0' '0' '0' '0']
 ['0' '0' '0' '0']
 ['0' '0' '0' '0']
 ['0' '0' '0' '0']]",0,1,0,0
"[['14' '20' '1896' '1027']
 ['1108' '608' '115' '230']
 ['561' '564' '34' '96']
 ['0' '0' '0' '0']
 ['0' '0' '0' '0']
 ['0' '0' '0' '0']
 ['0' '0' '0' '0']
 ['0' '0' '0' '0']]",0,1,0,0
"[['14' '20' '1896' '1027']
 ['1123' '608' '82' '221']
 ['551' '574' '38' '96']
 ['590' '564' '29' '67']
 ['0' '0' '0' '0']
 ['0' '0' '0' '0']
 ['0' '0' '0' '0']
 ['0' '0' '0' '0']]",0,1,0,0
"[['14' '20' '1896' '1027']
 ['561' '569' '29' '77']
 ['604' '569' '24' '86']
 ['0' '0' '0' '0']
 ['0' '0' '0' '0']
 ['0' '0' '0' '0']
 ['0' '0' '0' '0']
 ['0' '0' '0' '0']]",0,1,0,0
"[['14' '20' '1896' '1027']
 ['297' '603' '374' '101']
 ['225' '560' '58' '120']
 ['0' '0' '0' '0']
 ['0' '0' '0' '0']
 ['0' '0' '0' '0']
 ['0' '0' '0' '0']
 ['0' '0' '0' '0']]",0,1,0,0
"[['14' '20' '1896' '1027']
 ['551' '564' '34' '91']
 ['590' '560' '38' '72']
 ['0' '0' '0' '0']
 ['0' '0' '0' '0']
 ['0' '0' '0' '0']
 ['0' '0' '0' '0']
 ['0' '0' '0' '0']]",0,1,0,0
"[['14' '20' '1896' '1027']
 ['561' '564' '29' '96']
 ['595' '564' '29' '77']
 ['1833' '598' '62' '110']
 ['0' '0' '0' '0']
 ['0' '0' '0' '0']
 ['0' '0' '0' '0']
 ['0' '0' '0' '0']]",0,0,1,0
"[['14' '20' '1896' '1027']
 ['283' '608' '350' '96']
 ['0' '0' '0' '0']
 ['0' '0' '0' '0']
 ['0' '0' '0' '0']
 ['0' '0' '0' '0']
 ['0' '0' '0' '0']
 ['0' '0' '0' '0']]",0,0,1,0
"[['14' '20' '1896' '1027']
 ['700' '670' '307' '259']
 ['297' '718' '336' '115']
 ['1780' '656' '38' '86']
 ['0' '0' '0' '0']
 ['0' '0' '0' '0']
 ['0' '0' '0' '0']
 ['0' '0' '0' '0']]",0,1,0,0
"[['14' '20' '1896' '1027']
 ['762' '651' '269' '240']
 ['1766' '651' '58' '91']
 ['0' '0' '0' '0']
 ['0' '0' '0' '0']
 ['0' '0' '0' '0']
 ['0' '0' '0' '0']
 ['0' '0' '0' '0']]",0,1,0,0
"[['14' '20' '1896' '1027']
 ['1771' '675' '38' '82']
 ['892' '670' '230' '182']
 ['0' '0' '0' '0']
 ['0' '0' '0' '0']
 ['0' '0' '0' '0']
 ['0' '0' '0' '0']
 ['0' '0' '0' '0']]",0,0,1,0
"[['14' '20' '1896' '1027']
 ['1723' '665' '77' '96']
 ['518' '699' '326' '101']
 ['19' '732' '653' '293']
 ['0' '0' '0' '0']
 ['0' '0' '0' '0']
 ['0' '0' '0' '0']
 ['0' '0' '0' '0']]",0,0,1,0
"[['14' '20' '1896' '1027']
 ['1737' '680' '72' '96']
 ['28' '728' '749' '298']
 ['0' '0' '0' '0']
 ['0' '0' '0' '0']
 ['0' '0' '0' '0']
 ['0' '0' '0' '0']
 ['0' '0' '0' '0']]",0,0,1,0
"[['14' '20' '1896' '1027']
 ['1732' '660' '82' '120']
 ['19' '756' '859' '269']
 ['1281' '660' '163' '91']
 ['0' '0' '0' '0']
 ['0' '0' '0' '0']
 ['0' '0' '0' '0']
 ['0' '0' '0' '0']]",0,0,1,0
"[['14' '20' '1896' '1027']
 ['1723' '651' '67' '115']
 ['287' '713' '706' '312']
 ['0' '0' '0' '0']
 ['0' '0' '0' '0']
 ['0' '0' '0' '0']
 ['0' '0' '0' '0']
 ['0' '0' '0' '0']]",0,0,1,0
"[['14' '20' '1896' '1027']
 ['1727' '641' '43' '154']
 ['297' '680' '360' '130']
 ['709' '646' '298' '312']
 ['1262' '641' '168' '96']
 ['0' '0' '0' '0']
 ['0' '0' '0' '0']
 ['0' '0' '0' '0']]",0,0,1,0
"[['14' '20' '1896' '1027']
 ['1804' '550' '67' '245']
 ['513' '593' '336' '106']
 ['28' '694' '557' '331']
 ['1094' '574' '259' '158']
 ['0' '0' '0' '0']
 ['0' '0' '0' '0']
 ['0' '0' '0' '0']]",0,0,1,0
"[['14' '20' '1896' '1027']
 ['1703' '665' '86' '120']
 ['1070' '651' '235' '168']
 ['33' '881' '413' '149']
 ['0' '0' '0' '0']
 ['0' '0' '0' '0']
 ['0' '0' '0' '0']
 ['0' '0' '0' '0']]",0,0,1,0
"[['14' '20' '1896' '1027']
 ['1679' '660' '62' '134']
 ['1228' '699' '106' '307']
 ['67' '809' '878' '197']
 ['0' '0' '0' '0']
 ['0' '0' '0' '0']
 ['0' '0' '0' '0']
 ['0' '0' '0' '0']]",0,0,1,0
"[['14' '20' '1896' '1027']
 ['1627' '670' '101' '158']
 ['801' '689' '202' '211']
 ['0' '0' '0' '0']
 ['0' '0' '0' '0']
 ['0' '0' '0' '0']
 ['0' '0' '0' '0']
 ['0' '0' '0' '0']]",0,0,1,0
"[['14' '20' '1896' '1027']
 ['1583' '660' '82' '158']
 ['33' '708' '360' '307']
 ['0' '0' '0' '0']
 ['0' '0' '0' '0']
 ['0' '0' '0' '0']
 ['0' '0' '0' '0']
 ['0' '0' '0' '0']]",0,0,1,0
"[['14' '20' '1896' '1027']
 ['1535' '656' '72' '216']
 ['1295' '646' '139' '96']
 ['355' '550' '658' '437']
 ['0' '0' '0' '0']
 ['0' '0' '0' '0']
 ['0' '0' '0' '0']
 ['0' '0' '0' '0']]",0,0,1,0
"[['14' '20' '1896' '1027']
 ['1468' '665' '82' '192']
 ['1065' '579' '245' '163']
 ['0' '0' '0' '0']
 ['0' '0' '0' '0']
 ['0' '0' '0' '0']
 ['0' '0' '0' '0']
 ['0' '0' '0' '0']]",0,0,1,0
"[['14' '20' '1896' '1027']
 ['33' '665' '466' '326']
 ['1391' '689' '106' '230']
 ['0' '0' '0' '0']
 ['0' '0' '0' '0']
 ['0' '0' '0' '0']
 ['0' '0' '0' '0']
 ['0' '0' '0' '0']]",0,1,0,0
"[['14' '20' '1896' '1027']
 ['1319' '680' '96' '221']
 ['19' '483' '677' '514']
 ['0' '0' '0' '0']
 ['0' '0' '0' '0']
 ['0' '0' '0' '0']
 ['0' '0' '0' '0']
 ['0' '0' '0' '0']]",0,0,1,0
"[['14' '20' '1896' '1027']
 ['1315' '680' '67' '250']
 ['1108' '665' '139' '312']
 ['52' '502' '662' '494']
 ['0' '0' '0' '0']
 ['0' '0' '0' '0']
 ['0' '0' '0' '0']
 ['0' '0' '0' '0']]",0,0,1,0
"[['14' '20' '1896' '1027']
 ['1295' '680' '101' '245']
 ['14' '488' '730' '499']
 ['0' '0' '0' '0']
 ['0' '0' '0' '0']
 ['0' '0' '0' '0']
 ['0' '0' '0' '0']
 ['0' '0' '0' '0']]",0,0,1,0
"[['14' '20' '1896' '1027']
 ['1814' '560' '62' '240']
 ['19' '713' '557' '326']
 ['1099' '608' '245' '120']
 ['388' '627' '355' '110']
 ['0' '0' '0' '0']
 ['0' '0' '0' '0']
 ['0' '0' '0' '0']]",0,0,1,0
"[['14' '20' '1896' '1027']
 ['1295' '675' '91' '254']
 ['38' '502' '677' '509']
 ['0' '0' '0' '0']
 ['0' '0' '0' '0']
 ['0' '0' '0' '0']
 ['0' '0' '0' '0']
 ['0' '0' '0' '0']]",0,0,1,0
"[['14' '20' '1896' '1027']
 ['1247' '665' '72' '245']
 ['940' '665' '77' '206']
 ['667' '632' '58' '106']
 ['316' '526' '408' '499']
 ['0' '0' '0' '0']
 ['0' '0' '0' '0']
 ['0' '0' '0' '0']]",0,0,1,0
"[['14' '20' '1896' '1027']
 ['887' '675' '86' '178']
 ['686' '641' '62' '91']
 ['1171' '680' '53' '139']
 ['311' '521' '394' '485']
 ['0' '0' '0' '0']
 ['0' '0' '0' '0']
 ['0' '0' '0' '0']]",0,0,1,0
"[['14' '20' '1896' '1027']
 ['839' '660' '86' '182']
 ['1065' '675' '86' '187']
 ['667' '641' '77' '106']
 ['316' '545' '413' '427']
 ['0' '0' '0' '0']
 ['0' '0' '0' '0']
 ['0' '0' '0' '0']]",0,0,1,0
"[['14' '20' '1896' '1027']
 ['1151' '684' '110' '245']
 ['815' '660' '58' '144']
 ['671' '651' '77' '82']
 ['1632' '622' '259' '154']
 ['359' '670' '360' '346']
 ['0' '0' '0' '0']
 ['0' '0' '0' '0']]",0,0,1,0
"[['14' '20' '1896' '1027']
 ['1051' '675' '86' '202']
 ['863' '680' '38' '144']
 ['758' '656' '62' '120']
 ['619' '651' '67' '106']
 ['1440' '660' '379' '139']
 ['278' '708' '360' '322']
 ['0' '0' '0' '0']]",0,0,1,0
"[['14' '20' '1896' '1027']
 ['1300' '680' '365' '110']
 ['249' '766' '442' '250']
 ['796' '680' '43' '139']
 ['729' '665' '43' '110']
 ['628' '656' '53' '82']
 ['0' '0' '0' '0']
 ['0' '0' '0' '0']]",0,1,0,0
"[['14' '20' '1896' '1027']
 ['1627' '656' '269' '101']
 ['1204' '660' '317' '125']
 ['259' '651' '398' '355']
 ['758' '656' '48' '130']
 ['667' '670' '38' '120']
 ['719' '656' '38' '120']
 ['0' '0' '0' '0']]",0,1,0,0
"[['14' '20' '1896' '1027']
 ['1123' '660' '317' '120']
 ['254' '718' '432' '288']
 ['859' '660' '58' '130']
 ['691' '660' '58' '130']
 ['743' '660' '38' '125']
 ['0' '0' '0' '0']
 ['0' '0' '0' '0']]",0,1,0,0
"[['14' '20' '1896' '1027']
 ['1607' '651' '293' '96']
 ['1046' '689' '355' '96']
 ['268' '670' '442' '365']
 ['743' '665' '43' '163']
 ['811' '651' '53' '139']
 ['710' '660' '34' '91']
 ['0' '0' '0' '0']]",0,1,0,0
"[['14' '20' '1896' '1027']
 ['1147' '612' '250' '144']
 ['33' '699' '571' '326']
 ['758' '622' '269' '106']
 ['1828' '569' '67' '211']
 ['0' '0' '0' '0']
 ['0' '0' '0' '0']
 ['0' '0' '0' '0']]",0,1,0,0
"[['14' '20' '1896' '1027']
 ['263' '684' '418' '322']
 ['1036' '675' '293' '96']
 ['1732' '656' '163' '77']
 ['782' '660' '62' '168']
 ['0' '0' '0' '0']
 ['0' '0' '0' '0']
 ['0' '0' '0' '0']]",0,1,0,0
"[['14' '20' '1896' '1027']
 ['820' '665' '72' '211']
 ['1012' '651' '254' '139']
 ['1454' '622' '235' '110']
 ['1703' '694' '202' '120']
 ['263' '641' '427' '360']
 ['0' '0' '0' '0']
 ['0' '0' '0' '0']]",0,0,1,0
"[['14' '20' '1896' '1027']
 ['839' '689' '77' '226']
 ['1435' '694' '163' '307']
 ['623' '656' '67' '91']
 ['283' '680' '384' '336']
 ['1588' '641' '307' '168']
 ['729' '708' '269' '62']
 ['0' '0' '0' '0']]",0,0,1,0
"[['14' '20' '1896' '1027']
 ['787' '708' '149' '288']
 ['1334' '689' '475' '110']
 ['254' '660' '446' '346']
 ['0' '0' '0' '0']
 ['0' '0' '0' '0']
 ['0' '0' '0' '0']
 ['0' '0' '0' '0']]",0,0,1,0
"[['14' '20' '1896' '1027']
 ['1166' '684' '389' '91']
 ['1607' '641' '211' '77']
 ['273' '641' '408' '370']
 ['715' '718' '130' '307']
 ['1070' '660' '120' '269']
 ['0' '0' '0' '0']
 ['0' '0' '0' '0']]",0,1,0,0
"[['14' '20' '1896' '1027']
 ['868' '675' '350' '91']
 ['283' '656' '413' '312']
 ['0' '0' '0' '0']
 ['0' '0' '0' '0']
 ['0' '0' '0' '0']
 ['0' '0' '0' '0']
 ['0' '0' '0' '0']]",0,0,1,0
"[['14' '20' '1896' '1027']
 ['902' '660' '67' '168']
 ['1454' '632' '187' '96']
 ['1627' '670' '288' '120']
 ['590' '680' '274' '67']
 ['268' '670' '422' '317']
 ['0' '0' '0' '0']
 ['0' '0' '0' '0']]",0,0,1,0
"[['14' '20' '1896' '1027']
 ['839' '641' '77' '158']
 ['1468' '651' '384' '125']
 ['268' '660' '437' '350']
 ['0' '0' '0' '0']
 ['0' '0' '0' '0']
 ['0' '0' '0' '0']
 ['0' '0' '0' '0']]",0,0,1,0
"[['14' '20' '1896' '1027']
 ['1319' '651' '384' '125']
 ['806' '632' '53' '144']
 ['263' '636' '437' '370']
 ['0' '0' '0' '0']
 ['0' '0' '0' '0']
 ['0' '0' '0' '0']
 ['0' '0' '0' '0']]",0,0,1,0
"[['14' '20' '1896' '1027']
 ['1199' '656' '336' '110']
 ['1703' '651' '197' '82']
 ['263' '656' '451' '346']
 ['777' '636' '53' '115']
 ['0' '0' '0' '0']
 ['0' '0' '0' '0']
 ['0' '0' '0' '0']]",0,1,0,0
"[['14' '20' '1896' '1027']
 ['1819' '584' '86' '187']
 ['407' '646' '355' '96']
 ['1262' '603' '226' '125']
 ['14' '756' '768' '250']
 ['0' '0' '0' '0']
 ['0' '0' '0' '0']
 ['0' '0' '0' '0']]",0,0,1,0
"[['14' '20' '1896' '1027']
 ['1046' '660' '293' '115']
 ['1343' '627' '197' '96']
 ['283' '641' '422' '350']
 ['772' '641' '38' '115']
 ['0' '0' '0' '0']
 ['0' '0' '0' '0']
 ['0' '0' '0' '0']]",0,1,0,0
"[['14' '20' '1896' '1027']
 ['1531' '675' '379' '101']
 ['815' '684' '312' '72']
 ['283' '670' '437' '326']
 ['0' '0' '0' '0']
 ['0' '0' '0' '0']
 ['0' '0' '0' '0']
 ['0' '0' '0' '0']]",0,0,1,0
"[['14' '20' '1896' '1027']
 ['1319' '665' '427' '120']
 ['619' '670' '216' '106']
 ['302' '660' '403' '322']
 ['0' '0' '0' '0']
 ['0' '0' '0' '0']
 ['0' '0' '0' '0']
 ['0' '0' '0' '0']]",0,0,1,0
"[['14' '20' '1896' '1027']
 ['1459' '641' '226' '77']
 ['1065' '665' '293' '91']
 ['302' '651' '446' '336']
 ['753' '646' '53' '82']
 ['1684' '622' '173' '86']
 ['0' '0' '0' '0']
 ['0' '0' '0' '0']]",0,0,1,0
"[['14' '20' '1896' '1027']
 ['1531' '651' '384' '144']
 ['292' '646' '398' '360']
 ['734' '660' '259' '115']
 ['0' '0' '0' '0']
 ['0' '0' '0' '0']
 ['0' '0' '0' '0']
 ['0' '0' '0' '0']]",0,0,1,0
"[['14' '20' '1896' '1027']
 ['1233' '656' '422' '130']
 ['283' '622' '442' '374']
 ['0' '0' '0' '0']
 ['0' '0' '0' '0']
 ['0' '0' '0' '0']
 ['0' '0' '0' '0']
 ['0' '0' '0' '0']]",0,0,1,0
"[['14' '20' '1896' '1027']
 ['1007' '641' '202' '154']
 ['287' '636' '422' '379']
 ['0' '0' '0' '0']
 ['0' '0' '0' '0']
 ['0' '0' '0' '0']
 ['0' '0' '0' '0']
 ['0' '0' '0' '0']]",0,0,1,0
"[['14' '20' '1896' '1027']
 ['1415' '699' '490' '101']
 ['542' '660' '322' '91']
 ['263' '641' '384' '350']
 ['0' '0' '0' '0']
 ['0' '0' '0' '0']
 ['0' '0' '0' '0']
 ['0' '0' '0' '0']]",0,0,1,0
"[['14' '20' '1896' '1027']
 ['1132' '670' '360' '120']
 ['1483' '660' '206' '86']
 ['259' '660' '408' '312']
 ['0' '0' '0' '0']
 ['0' '0' '0' '0']
 ['0' '0' '0' '0']
 ['0' '0' '0' '0']]",0,0,1,0
"[['14' '20' '1896' '1027']
 ['1631' '656' '221' '101']
 ['849' '680' '326' '115']
 ['278' '699' '408' '283']
 ['0' '0' '0' '0']
 ['0' '0' '0' '0']
 ['0' '0' '0' '0']
 ['0' '0' '0' '0']]",0,0,1,0
"[['14' '20' '1896' '1027']
 ['244' '699' '749' '274']
 ['1857' '593' '53' '144']
 ['0' '0' '0' '0']
 ['0' '0' '0' '0']
 ['0' '0' '0' '0']
 ['0' '0' '0' '0']
 ['0' '0' '0' '0']]",0,1,0,0
"[['14' '20' '1896' '1027']
 ['1358' '641' '466' '197']
 ['628' '680' '302' '91']
 ['302' '617' '422' '384']
 ['0' '0' '0' '0']
 ['0' '0' '0' '0']
 ['0' '0' '0' '0']
 ['0' '0' '0' '0']]",0,0,1,0
"[['14' '20' '1896' '1027']
 ['1065' '641' '389' '192']
 ['1617' '670' '278' '96']
 ['307' '660' '379' '365']
 ['667' '646' '58' '91']
 ['0' '0' '0' '0']
 ['0' '0' '0' '0']
 ['0' '0' '0' '0']]",0,1,0,0
"[['14' '20' '1896' '1027']
 ['326' '689' '379' '336']
 ['700' '660' '298' '154']
 ['1809' '636' '38' '91']
 ['0' '0' '0' '0']
 ['0' '0' '0' '0']
 ['0' '0' '0' '0']
 ['0' '0' '0' '0']]",0,1,0,0
"[['14' '20' '1896' '1027']
 ['1372' '732' '470' '130']
 ['321' '689' '394' '355']
 ['734' '684' '48' '86']
 ['1099' '699' '125' '288']
 ['0' '0' '0' '0']
 ['0' '0' '0' '0']
 ['0' '0' '0' '0']]",0,1,0,0
"[['14' '20' '1896' '1027']
 ['1118' '718' '394' '125']
 ['311' '694' '408' '312']
 ['710' '699' '77' '101']
 ['0' '0' '0' '0']
 ['0' '0' '0' '0']
 ['0' '0' '0' '0']
 ['0' '0' '0' '0']]",0,1,0,0
"[['14' '20' '1896' '1027']
 ['1070' '728' '331' '125']
 ['1492' '694' '278' '77']
 ['297' '704' '403' '341']
 ['878' '708' '62' '221']
 ['734' '694' '53' '144']
 ['0' '0' '0' '0']
 ['0' '0' '0' '0']]",0,1,0,0
"[['14' '20' '1896' '1027']
 ['1031' '718' '274' '134']
 ['316' '699' '389' '317']
 ['1684' '680' '236' '91']
 ['758' '694' '86' '202']
 ['0' '0' '0' '0']
 ['0' '0' '0' '0']
 ['0' '0' '0' '0']]",0,1,0,0
"[['14' '20' '1896' '1027']
 ['1516' '680' '283' '115']
 ['292' '699' '418' '312']
 ['1031' '713' '240' '120']
 ['743' '699' '67' '154']
 ['892' '694' '62' '173']
 ['0' '0' '0' '0']
 ['0' '0' '0' '0']]",0,1,0,0
"[['14' '20' '1896' '1027']
 ['1060' '708' '144' '134']
 ['292' '857' '432' '182']
 ['734' '675' '48' '149']
 ['1814' '665' '38' '91']
 ['0' '0' '0' '0']
 ['0' '0' '0' '0']
 ['0' '0' '0' '0']]",0,1,0,0
"[['14' '20' '1896' '1027']
 ['1622' '670' '254' '86']
 ['1367' '660' '221' '82']
 ['854' '718' '245' '96']
 ['278' '708' '427' '293']
 ['1118' '699' '86' '293']
 ['719' '694' '62' '110']
 ['0' '0' '0' '0']]",0,1,0,0
"[['14' '20' '1896' '1027']
 ['801' '641' '298' '250']
 ['1795' '598' '48' '106']
 ['0' '0' '0' '0']
 ['0' '0' '0' '0']
 ['0' '0' '0' '0']
 ['0' '0' '0' '0']
 ['0' '0' '0' '0']]",0,1,0,0
"[['14' '20' '1896' '1027']
 ['1574' '699' '293' '82']
 ['781' '713' '202' '125']
 ['321' '704' '379' '331']
 ['719' '684' '43' '120']
 ['1022' '737' '82' '211']
 ['0' '0' '0' '0']
 ['0' '0' '0' '0']]",0,1,0,0
"[['14' '20' '1896' '1027']
 ['1444' '680' '86' '202']
 ['935' '713' '58' '197']
 ['628' '732' '307' '77']
 ['326' '593' '379' '418']
 ['0' '0' '0' '0']
 ['0' '0' '0' '0']
 ['0' '0' '0' '0']]",0,0,1,0
"[['14' '20' '1896' '1027']
 ['1569' '684' '72' '226']
 ['854' '689' '82' '178']
 ['710' '680' '34' '91']
 ['753' '680' '43' '72']
 ['244' '756' '480' '264']
 ['0' '0' '0' '0']
 ['0' '0' '0' '0']]",0,0,1,0
"[['14' '20' '1896' '1027']
 ['1622' '680' '120' '230']
 ['801' '713' '67' '158']
 ['710' '680' '43' '86']
 ['772' '689' '29' '67']
 ['1622' '656' '254' '82']
 ['302' '737' '394' '288']
 ['0' '0' '0' '0']]",0,0,1,0
"[['14' '20' '1896' '1027']
 ['1684' '699' '72' '192']
 ['758' '680' '43' '149']
 ['1766' '680' '130' '96']
 ['321' '752' '360' '254']
 ['0' '0' '0' '0']
 ['0' '0' '0' '0']
 ['0' '0' '0' '0']]",0,0,1,0
"[['14' '20' '1896' '1027']
 ['743' '675' '48' '139']
 ['1684' '680' '77' '211']
 ['1771' '704' '149' '91']
 ['273' '699' '446' '307']
 ['0' '0' '0' '0']
 ['0' '0' '0' '0']
 ['0' '0' '0' '0']]",0,0,1,0
"[['14' '20' '1896' '1027']
 ['1627' '684' '120' '206']
 ['705' '684' '34' '101']
 ['748' '684' '72' '101']
 ['753' '680' '38' '96']
 ['302' '699' '389' '307']
 ['0' '0' '0' '0']
 ['0' '0' '0' '0']]",0,0,1,0
"[['14' '20' '1896' '1027']
 ['1627' '680' '125' '245']
 ['686' '694' '48' '82']
 ['743' '694' '34' '67']
 ['287' '723' '398' '288']
 ['0' '0' '0' '0']
 ['0' '0' '0' '0']
 ['0' '0' '0' '0']]",0,0,1,0
"[['14' '20' '1896' '1027']
 ['1665' '689' '91' '202']
 ['1780' '660' '34' '91']
 ['715' '675' '48' '82']
 ['681' '684' '19' '86']
 ['398' '675' '326' '331']
 ['0' '0' '0' '0']
 ['0' '0' '0' '0']]",0,0,1,0
"[['14' '20' '1896' '1027']
 ['1651' '680' '106' '211']
 ['873' '670' '48' '86']
 ['38' '516' '907' '432']
 ['1747' '675' '53' '82']
 ['0' '0' '0' '0']
 ['0' '0' '0' '0']
 ['0' '0' '0' '0']]",0,1,0,0
